valid_time,latitude,longitude,tp,ssrd,e,pev,ro,number,expver
2025-01-01 06:00:00,12.5,41.75,2.2888184e-05,20996096.0,-6.101653e-05,-0.002590131,0.0,0,0001
2025-01-01 06:00:00,12.5,42.0,9.536743e-06,20909056.0,-5.3387135e-05,-0.0058142655,0.0,0,0001
2025-01-01 06:00:00,12.5,42.25,3.0517578e-05,20819968.0,-6.387755e-05,-0.0057413094,0.0,0,0001
2025-01-01 06:00:00,12.5,42.5,8.583069e-05,20762624.0,-0.00011442229,-0.0049671642,3.8146973e-06,0,0001
2025-01-01 06:00:00,12.5,42.75,9.1552734e-05,20656128.0,-8.485839e-05,-9.961054e-05,0.0,0,0001
2025-01-01 06:00:00,12.5,43.0,9.536743e-05,20401152.0,-0.00010917708,-0.004695844,0.0,0,0001
2025-01-01 06:00:00,12.5,43.25,0.0005970001,19555328.0,-0.0059094243,-0.0011646263,0.0,0,0001
2025-01-01 06:00:00,12.5,43.5,0.00074386597,18864128.0,-0.0073728375,-1.899898e-07,0.0,0,0001
2025-01-01 06:00:00,12.25,41.75,1.335144e-05,21114880.0,-5.8155507e-05,-0.005122613,0.0,0,0001
2025-01-01 06:00:00,12.25,42.0,1.9073486e-06,21050368.0,-5.4817647e-05,-0.004243087,0.0,0,0001
2025-01-01 06:00:00,12.25,42.25,7.6293945e-06,20911104.0,-5.1956624e-05,-0.0017411225,0.0,0,0001
2025-01-01 06:00:00,12.25,42.5,2.0980835e-05,20761600.0,-5.100295e-05,-0.005000543,0.0,0,0001
2025-01-01 06:00:00,12.25,42.75,8.583069e-05,20491264.0,-0.00014255568,-0.0046820156,0.0,0,0001
2025-01-01 06:00:00,12.25,43.0,0.00017166138,20048896.0,-0.00021408126,-0.004287433,1.9073486e-06,0,0001
2025-01-01 06:00:00,12.25,43.25,0.0003681183,19338240.0,-0.0016465001,-0.0044564717,1.9073486e-06,0,0001
2025-01-01 06:00:00,12.25,43.5,0.0006752014,18532352.0,-0.004996758,-0.0012092106,0.0,0,0001
2025-01-01 06:00:00,12.0,41.75,7.6293945e-06,21197824.0,-5.767867e-05,-0.004282426,0.0,0,0001
2025-01-01 06:00:00,12.0,42.0,3.8146973e-06,21117952.0,-5.4817647e-05,-0.0029487126,0.0,0,0001
2025-01-01 06:00:00,12.0,42.25,9.536743e-06,20951040.0,-5.243346e-05,-0.00549097,0.0,0,0001
2025-01-01 06:00:00,12.0,42.5,3.6239624e-05,20486144.0,-7.913634e-05,-0.0052463524,1.9073486e-06,0,0001
2025-01-01 06:00:00,12.0,42.75,0.00016021729,20079616.0,-0.00030992553,-0.0046877377,9.536743e-06,0,0001
2025-01-01 06:00:00,12.0,43.0,0.00062942505,19607552.0,-0.0010218434,-0.004322242,2.2888184e-05,0,0001
2025-01-01 06:00:00,12.0,43.25,0.0006599426,19082240.0,-0.0036048703,-0.0010332577,1.9073486e-06,0,0001
2025-01-01 06:00:00,12.0,43.5,0.0006122589,18585600.0,-0.005221825,-1.899898e-07,0.0,0,0001
2025-01-01 06:00:00,11.75,41.75,7.6293945e-06,21276672.0,-0.00012634322,-0.005727958,0.0,0,0001
2025-01-01 06:00:00,11.75,42.0,3.8146973e-06,21203968.0,-5.3387135e-05,-0.0056144707,0.0,0,0001
2025-01-01 06:00:00,11.75,42.25,1.5258789e-05,20880384.0,-0.00019453093,-0.005394172,0.0,0,0001
2025-01-01 06:00:00,11.75,42.5,4.9591064e-05,20244480.0,-0.0005249791,-0.005191993,3.8146973e-06,0,0001
2025-01-01 06:00:00,11.75,42.75,0.00018501282,19499008.0,-0.00017116591,-0.004972171,1.335144e-05,0,0001
2025-01-01 06:00:00,11.75,43.0,0.0008163452,19098624.0,-0.003397923,-0.0013396256,7.6293945e-06,0,0001
2025-01-01 06:00:00,11.75,43.25,0.00069618225,18862080.0,-0.004765015,-1.899898e-07,0.0,0,0001
2025-01-01 06:00:00,11.75,43.5,0.00041770935,18942976.0,-0.0050163083,-1.899898e-07,0.0,0,0001
2025-01-01 06:00:00,11.5,41.75,4.005432e-05,21378048.0,-0.00054739043,-0.0060085766,0.0,0,0001
2025-01-01 06:00:00,11.5,42.0,9.536743e-06,21399552.0,-5.7201833e-05,-0.00385971,0.0,0,0001
2025-01-01 06:00:00,11.5,42.25,1.335144e-05,21089280.0,-0.00018976256,-0.0022398941,0.0,0,0001
2025-01-01 06:00:00,11.5,42.5,2.2888184e-05,20218880.0,-0.0003390126,-0.0054771416,0.0,0,0001
2025-01-01 06:00:00,11.5,42.75,9.536743e-05,19388416.0,-0.00012825057,-0.0051323883,5.722046e-06,0,0001
2025-01-01 06:00:00,11.5,43.0,0.00046539307,18957312.0,-0.00200079,-0.0029184334,0.0,0,0001
2025-01-01 06:00:00,11.5,43.25,0.00051498413,18847744.0,-0.0029835515,-0.0028395168,1.9073486e-06,0,0001
2025-01-01 06:00:00,11.5,43.5,0.00031661987,18880512.0,-0.0039853863,-0.0016333573,0.0,0,0001
2025-01-01 06:00:00,11.25,41.75,4.386902e-05,21633024.0,-0.00092218444,-0.0034698956,0.0,0,0001
2025-01-01 06:00:00,11.25,42.0,1.5258789e-05,21653504.0,-0.00046585128,-0.0011822693,0.0,0,0001
2025-01-01 06:00:00,11.25,42.25,1.5258789e-05,21393408.0,-5.7201833e-05,-0.0012514107,0.0,0,0001
2025-01-01 06:00:00,11.25,42.5,2.0980835e-05,20511744.0,-9.3918294e-05,-0.0056273453,0.0,0,0001
2025-01-01 06:00:00,11.25,42.75,0.000102996826,19716096.0,-0.00029466674,-0.0048682205,0.0,0,0001
2025-01-01 06:00:00,11.25,43.0,0.00022125244,19054592.0,-0.0003390126,-0.0048880093,0.0,0,0001
2025-01-01 06:00:00,11.25,43.25,0.00036621094,18957312.0,-0.0011243634,-0.004724454,1.9073486e-06,0,0001
2025-01-01 06:00:00,11.25,43.5,0.0005493164,18525184.0,-0.0037126355,-0.0016347878,0.0,0,0001
2025-01-01 06:00:00,11.0,41.75,2.0980835e-05,21886976.0,-0.0005111508,-0.00329132,0.0,0,0001
2025-01-01 06:00:00,11.0,42.0,1.1444092e-05,21980160.0,-0.00060937926,-0.0020982735,0.0,0,0001
2025-01-01 06:00:00,11.0,42.25,1.5258789e-05,21738496.0,-5.577132e-05,-0.0033468716,0.0,0,0001
2025-01-01 06:00:00,11.0,42.5,2.2888184e-05,21000192.0,-7.961318e-05,-0.005479764,0.0,0,0001
2025-01-01 06:00:00,11.0,42.75,0.0001296997,20252672.0,-0.0003032498,-0.0046534054,1.9073486e-06,0,0001
2025-01-01 06:00:00,11.0,43.0,0.00023841858,19462144.0,-0.00036428496,-0.004715156,1.9073486e-06,0,0001
2025-01-01 06:00:00,11.0,43.25,0.00029945374,19275776.0,-0.00032852218,-0.0044183247,1.9073486e-06,0,0001
2025-01-01 06:00:00,11.0,43.5,0.0005340576,18692096.0,-0.003005486,-0.0015427582,0.0,0,0001
2025-02-01 06:00:00,12.5,41.75,0.0,23450624.0,-7.0821494e-05,-0.002933301,0.0,0,0001
2025-02-01 06:00:00,12.5,42.0,0.0,23380992.0,-6.7483634e-05,-0.006610431,0.0,0,0001
2025-02-01 06:00:00,12.5,42.25,0.0,23327744.0,-6.2238425e-05,-0.0065708533,0.0,0,0001
2025-02-01 06:00:00,12.5,42.5,1.9073486e-06,23315456.0,-5.6993216e-05,-0.005655326,0.0,0,0001
2025-02-01 06:00:00,12.5,42.75,9.536743e-06,23298048.0,-4.316494e-05,-0.00011805445,0.0,0,0001
2025-02-01 06:00:00,12.5,43.0,2.0980835e-05,23204864.0,-3.648922e-05,-0.005207576,0.0,0,0001
2025-02-01 06:00:00,12.5,43.25,0.00014305115,22606848.0,-0.0048902147,-0.0012944117,0.0,0,0001
2025-02-01 06:00:00,12.5,43.5,0.00011634827,22173696.0,-0.0061671846,-3.7252903e-08,0.0,0,0001
2025-02-01 06:00:00,12.25,41.75,0.0,23562752.0,-7.177517e-05,-0.0058162585,0.0,0,0001
2025-02-01 06:00:00,12.25,42.0,0.0,23463936.0,-6.8914145e-05,-0.004818715,0.0,0,0001
2025-02-01 06:00:00,12.25,42.25,0.0,23335936.0,-6.605312e-05,-0.0019982234,0.0,0,0001
2025-02-01 06:00:00,12.25,42.5,0.0,23278592.0,-5.6039542e-05,-0.0057423487,0.0,0,0001
2025-02-01 06:00:00,12.25,42.75,1.9073486e-06,23169536.0,-4.1734427e-05,-0.005482234,0.0,0,0001
2025-02-01 06:00:00,12.25,43.0,7.247925e-05,22946304.0,-7.702038e-05,-0.0049116984,0.0,0,0001
2025-02-01 06:00:00,12.25,43.25,0.00012588501,22492160.0,-0.0011818521,-0.0048792735,0.0,0,0001
2025-02-01 06:00:00,12.25,43.5,0.00011444092,21932544.0,-0.0038149469,-0.0013056174,0.0,0,0001
2025-02-01 06:00:00,12.0,41.75,0.0,23577600.0,-7.129833e-05,-0.0048435107,0.0,0,0001
2025-02-01 06:00:00,12.0,42.0,0.0,23411200.0,-6.796047e-05,-0.0033321753,0.0,0,0001
2025-02-01 06:00:00,12.0,42.25,1.9073486e-06,23236608.0,-6.5576285e-05,-0.0062139407,0.0,0,0001
2025-02-01 06:00:00,12.0,42.5,3.8146973e-06,22883840.0,-7.702038e-05,-0.006002702,0.0,0,0001
2025-02-01 06:00:00,12.0,42.75,3.2424927e-05,22637568.0,-0.00019432232,-0.0054846182,1.9073486e-06,0,0001
2025-02-01 06:00:00,12.0,43.0,0.0002861023,22361088.0,-0.00061966106,-0.0050206557,9.536743e-06,0,0001
2025-02-01 06:00:00,12.0,43.25,0.00048065186,22043648.0,-0.002514135,-0.0011849776,0.0,0,0001
2025-02-01 06:00:00,12.0,43.5,0.0002632141,21749760.0,-0.0037758462,-3.7252903e-08,0.0,0,0001
2025-02-01 06:00:00,11.75,41.75,0.0,23543808.0,-0.0001375787,-0.0064108744,0.0,0,0001
2025-02-01 06:00:00,11.75,42.0,1.9073486e-06,23373312.0,-6.5576285e-05,-0.006262578,0.0,0,0001
2025-02-01 06:00:00,11.75,42.25,9.536743e-06,22997504.0,-0.00020672008,-0.00602559,0.0,0,0001
2025-02-01 06:00:00,11.75,42.5,3.2424927e-05,22461952.0,-0.0005223863,-0.0058215037,1.9073486e-06,0,0001
2025-02-01 06:00:00,11.75,42.75,0.00013542175,21862400.0,-0.00016952679,-0.005559005,9.536743e-06,0,0001
2025-02-01 06:00:00,11.75,43.0,0.0007133484,21597696.0,-0.0025045983,-0.0015635863,2.861023e-06,0,0001
2025-02-01 06:00:00,11.75,43.25,0.0005950928,21517824.0,-0.0035312288,-3.7252903e-08,0.0,0,0001
2025-02-01 06:00:00,11.75,43.5,0.00029182434,21702656.0,-0.003615152,-3.7252903e-08,0.0,0,0001
2025-02-01 06:00:00,11.5,41.75,0.0,23549952.0,-0.0005281083,-0.0067155734,0.0,0,0001
2025-02-01 06:00:00,11.5,42.0,1.9073486e-06,23415808.0,-6.4145774e-05,-0.00429181,0.0,0,0001
2025-02-01 06:00:00,11.5,42.25,9.536743e-06,23042048.0,-0.00019956753,-0.0024905577,0.0,0,0001
2025-02-01 06:00:00,11.5,42.5,3.0517578e-05,22179840.0,-0.00037027523,-0.0059938803,9.536743e-07,0,0001
2025-02-01 06:00:00,11.5,42.75,0.0001411438,21433856.0,-0.00026489422,-0.005551614,6.67572e-06,0,0001
2025-02-01 06:00:00,11.5,43.0,0.0004901886,21088256.0,-0.0015618913,-0.0031171218,0.0,0,0001
2025-02-01 06:00:00,11.5,43.25,0.00048446655,21068800.0,-0.0024407022,-0.003054656,9.536743e-07,0,0001
2025-02-01 06:00:00,11.5,43.5,0.0002861023,21210112.0,-0.0030424707,-0.0017571822,9.536743e-07,0,0001
2025-02-01 06:00:00,11.25,41.75,0.0,23696384.0,-0.0009176843,-0.0038974658,0.0,0,0001
2025-02-01 06:00:00,11.25,42.0,0.0,23561216.0,-0.00048710033,-0.001318492,0.0,0,0001
2025-02-01 06:00:00,11.25,42.25,1.9073486e-06,23140864.0,-6.271526e-05,-0.0013912097,0.0,0,0001
2025-02-01 06:00:00,11.25,42.5,1.335144e-05,22208000.0,-0.00011659786,-0.006169118,0.0,0,0001
2025-02-01 06:00:00,11.25,42.75,0.00011253357,21369856.0,-0.00037218258,-0.0053127185,9.536743e-07,0,0001
2025-02-01 06:00:00,11.25,43.0,0.0003490448,20726784.0,-0.00048566982,-0.0052364245,9.536743e-07,0,0001
2025-02-01 06:00:00,11.25,43.25,0.00041389465,20712960.0,-0.0011360757,-0.0050552264,1.9073486e-06,0,0001
2025-02-01 06:00:00,11.25,43.5,0.000497818,20420096.0,-0.002886068,-0.0017586127,9.536743e-07,0,0001
2025-02-01 06:00:00,11.0,41.75,1.9073486e-06,23877632.0,-0.0005366914,-0.0036716834,0.0,0,0001
2025-02-01 06:00:00,11.0,42.0,1.9073486e-06,23793152.0,-0.0006392114,-0.002305068,0.0,0,0001
2025-02-01 06:00:00,11.0,42.25,3.8146973e-06,23382528.0,-6.0807914e-05,-0.0036909953,0.0,0,0001
2025-02-01 06:00:00,11.0,42.5,2.0980835e-05,22458368.0,-0.00010610744,-0.006022252,0.0,0,0001
2025-02-01 06:00:00,11.0,42.75,0.000118255615,21579264.0,-0.00036121532,-0.0050957575,0.0,0,0001
2025-02-01 06:00:00,11.0,43.0,0.00047302246,20759552.0,-0.0006563775,-0.0050011054,1.9073486e-06,0,0001
2025-02-01 06:00:00,11.0,43.25,0.00038528442,20618240.0,-0.00043607876,-0.0046389475,9.536743e-07,0,0001
2025-02-01 06:00:00,11.0,43.5,0.00047302246,20186624.0,-0.0022952668,-0.0015893355,0.0,0,0001
2025-03-01 06:00:00,12.5,41.75,4.005432e-05,24060656.0,-8.812174e-05,-0.0033459067,0.0,0,0001
2025-03-01 06:00:00,12.5,42.0,3.8146973e-05,24034544.0,-7.786974e-05,-0.007539928,1.9073486e-06,0,0001
2025-03-01 06:00:00,12.5,42.25,2.670288e-05,24025840.0,-7.500872e-05,-0.0074793696,0.0,0,0001
2025-03-01 06:00:00,12.5,42.5,5.340576e-05,24046832.0,-7.0955604e-05,-0.0063897967,1.9073486e-06,0,0001
2025-03-01 06:00:00,12.5,42.75,0.00013160706,24076528.0,-0.00012412295,-0.00014322996,0.0,0,0001
2025-03-01 06:00:00,12.5,43.0,7.6293945e-05,24068848.0,-0.0001081489,-0.005809009,0.0,0,0001
2025-03-01 06:00:00,12.5,43.25,0.00020599365,23511792.0,-0.0036195777,-0.001444757,0.0,0,0001
2025-03-01 06:00:00,12.5,43.5,0.00016403198,23210224.0,-0.0046104454,5.9604645e-08,0.0,0,0001
2025-03-01 06:00:00,12.25,41.75,2.861023e-05,24208112.0,-8.216128e-05,-0.0066158175,0.0,0,0001
2025-03-01 06:00:00,12.25,42.0,1.1444092e-05,24276720.0,-7.786974e-05,-0.00549525,0.0,0,0001
2025-03-01 06:00:00,12.25,42.25,1.5258789e-05,24271600.0,-7.548556e-05,-0.0022811294,0.0,0,0001
2025-03-01 06:00:00,12.25,42.5,3.0517578e-05,24200432.0,-7.620081e-05,-0.0065538287,0.0,0,0001
2025-03-01 06:00:00,12.25,42.75,4.7683716e-05,24063728.0,-7.190928e-05,-0.0061840415,0.0,0,0001
2025-03-01 06:00:00,12.25,43.0,6.484985e-05,23958256.0,-9.503588e-05,-0.0055522323,0.0,0,0001
2025-03-01 06:00:00,12.25,43.25,0.00018692017,23721200.0,-0.0010427497,-0.005393207,0.0,0,0001
2025-03-01 06:00:00,12.25,43.5,0.00017356873,23427312.0,-0.0029603504,-0.0014323592,0.0,0,0001
2025-03-01 06:00:00,12.0,41.75,6.1035156e-05,24261872.0,-9.551272e-05,-0.0055012107,1.9073486e-06,0,0001
2025-03-01 06:00:00,12.0,42.0,2.861023e-05,24315120.0,-8.311495e-05,-0.0037836432,0.0,0,0001
2025-03-01 06:00:00,12.0,42.25,1.7166138e-05,24282864.0,-8.549914e-05,-0.007047355,0.0,0,0001
2025-03-01 06:00:00,12.0,42.5,1.9073486e-05,23958768.0,-8.454546e-05,-0.0068146586,0.0,0,0001
2025-03-01 06:00:00,12.0,42.75,5.531311e-05,23721712.0,-0.00013270602,-0.006272018,3.8146973e-06,0,0001
2025-03-01 06:00:00,12.0,43.0,0.00030136108,23562992.0,-0.00056281313,-0.005684316,1.1444092e-05,0,0001
2025-03-01 06:00:00,12.0,43.25,0.0005874634,23448816.0,-0.0020348094,-0.0013391376,0.0,0,0001
2025-03-01 06:00:00,12.0,43.5,0.00035858154,23396592.0,-0.0029143356,5.9604645e-08,0.0,0,0001
2025-03-01 06:00:00,11.75,41.75,6.1035156e-05,24246000.0,-0.00017323717,-0.007244289,1.9073486e-06,0,0001
2025-03-01 06:00:00,11.75,42.0,3.0517578e-05,24292080.0,-7.9300255e-05,-0.007077396,1.9073486e-06,0,0001
2025-03-01 06:00:00,11.75,42.25,2.2888184e-05,24102640.0,-0.00025477633,-0.006800115,0.0,0,0001
2025-03-01 06:00:00,11.75,42.5,4.005432e-05,23642352.0,-0.00062480196,-0.0065566897,1.9073486e-06,0,0001
2025-03-01 06:00:00,11.75,42.75,0.00016212463,23116528.0,-0.00013056025,-0.006260097,1.1444092e-05,0,0001
2025-03-01 06:00:00,11.75,43.0,0.0007724762,22960880.0,-0.002135899,-0.0017775893,3.8146973e-06,0,0001
2025-03-01 06:00:00,11.75,43.25,0.0006351471,23048432.0,-0.0028783344,5.9604645e-08,0.0,0,0001
2025-03-01 06:00:00,11.75,43.5,0.0003414154,23362800.0,-0.002789881,5.9604645e-08,0.0,0,0001
2025-03-01 06:00:00,11.5,41.75,3.8146973e-05,24186096.0,-0.00064411387,-0.007562101,0.0,0,0001
2025-03-01 06:00:00,11.5,42.0,7.43866e-05,24268528.0,-0.00010028109,-0.004834354,1.9073486e-06,0,0001
2025-03-01 06:00:00,11.5,42.25,6.484985e-05,24083184.0,-0.0002697967,-0.0028030276,1.9073486e-06,0,0001
2025-03-01 06:00:00,11.5,42.5,6.1035156e-05,23400176.0,-0.00043978915,-0.006729305,1.9073486e-06,0,0001
2025-03-01 06:00:00,11.5,42.75,0.00018692017,22792432.0,-0.00024094805,-0.0062353015,9.536743e-06,0,0001
2025-03-01 06:00:00,11.5,43.0,0.00059890747,22571248.0,-0.0014056228,-0.003468454,1.9073486e-06,0,0001
2025-03-01 06:00:00,11.5,43.25,0.0006046295,22658288.0,-0.002401974,-0.0033566356,1.9073486e-06,0,0001
2025-03-01 06:00:00,11.5,43.5,0.00032615662,22910192.0,-0.0026213191,-0.0019308925,0.0,0,0001
2025-03-01 06:00:00,11.25,41.75,6.1035156e-05,24168688.0,-0.0011190437,-0.0043806434,0.0,0,0001
2025-03-01 06:00:00,11.25,42.0,9.536743e-05,24249584.0,-0.0006147884,-0.0014793277,1.9073486e-06,0,0001
2025-03-01 06:00:00,11.25,42.25,8.010864e-05,24058608.0,-0.000107910484,-0.001563251,1.9073486e-06,0,0001
2025-03-01 06:00:00,11.25,42.5,6.1035156e-05,23339248.0,-0.00013389811,-0.0069302917,1.9073486e-06,0,0001
2025-03-01 06:00:00,11.25,42.75,0.00018310547,22719216.0,-0.0003236793,-0.006051004,3.8146973e-06,0,0001
2025-03-01 06:00:00,11.25,43.0,0.0004196167,22235376.0,-0.00047316775,-0.0059067607,1.9073486e-06,0,0001
2025-03-01 06:00:00,11.25,43.25,0.00050354004,22302960.0,-0.0012995265,-0.0056504607,1.9073486e-06,0,0001
2025-03-01 06:00:00,11.25,43.5,0.0004787445,22062320.0,-0.002739098,-0.0019325614,0.0,0,0001
2025-03-01 06:00:00,11.0,41.75,0.00010871887,24149232.0,-0.00069155917,-0.004024923,1.9073486e-06,0,0001
2025-03-01 06:00:00,11.0,42.0,0.0002002716,24238320.0,-0.00088515505,-0.002492845,1.9073486e-06,0,0001
2025-03-01 06:00:00,11.0,42.25,0.00019073486,24057072.0,-0.00019517168,-0.004050672,0.0,0,0001
2025-03-01 06:00:00,11.0,42.5,7.8201294e-05,23372528.0,-0.0001427196,-0.006761253,0.0,0,0001
2025-03-01 06:00:00,11.0,42.75,0.00018501282,22736112.0,-0.00027051196,-0.0058650374,1.9073486e-06,0,0001
2025-03-01 06:00:00,11.0,43.0,0.00046348572,22088944.0,-0.00051918253,-0.0057358146,1.9073486e-06,0,0001
2025-03-01 06:00:00,11.0,43.25,0.00037956238,22029552.0,-0.00041451678,-0.005262077,1.9073486e-06,0,0001
2025-03-01 06:00:00,11.0,43.5,0.0004043579,21651184.0,-0.0021196865,-0.0017840266,0.0,0,0001
2025-04-01 06:00:00,12.5,41.75,7.6293945e-06,26021376.0,-9.879097e-05,-0.0037112385,0.0,0,0001
2025-04-01 06:00:00,12.5,42.0,1.335144e-05,25984512.0,-0.0001042746,-0.0084285885,0.0,0,0001
2025-04-01 06:00:00,12.5,42.25,2.861023e-05,26013696.0,-0.000120487064,-0.008518234,0.0,0,0001
2025-04-01 06:00:00,12.5,42.5,2.4795532e-05,26095616.0,-0.00012406334,-0.007372394,1.9073486e-06,0,0001
2025-04-01 06:00:00,12.5,42.75,1.9073486e-06,26205696.0,-9.569153e-05,-0.00017048419,0.0,0,0001
2025-04-01 06:00:00,12.5,43.0,0.0,26251776.0,-6.255135e-05,-0.0068662316,0.0,0,0001
2025-04-01 06:00:00,12.5,43.25,1.9073486e-05,25778688.0,-0.003708925,-0.0017078072,0.0,0,0001
2025-04-01 06:00:00,12.5,43.5,1.9073486e-05,25491456.0,-0.0047305487,2.2351742e-07,0.0,0,0001
2025-04-01 06:00:00,12.25,41.75,1.335144e-05,26029568.0,-0.00010069832,-0.0073092133,0.0,0,0001
2025-04-01 06:00:00,12.25,42.0,5.722046e-06,26012160.0,-9.926781e-05,-0.006080404,0.0,0,0001
2025-04-01 06:00:00,12.25,42.25,1.7166138e-05,26010112.0,-0.00010141358,-0.0025947243,0.0,0,0001
2025-04-01 06:00:00,12.25,42.5,3.0517578e-05,26094080.0,-0.000111903995,-0.0074670464,0.0,0,0001
2025-04-01 06:00:00,12.25,42.75,4.7683716e-05,26170880.0,-8.615479e-05,-0.0073383003,0.0,0,0001
2025-04-01 06:00:00,12.25,43.0,1.9073486e-05,26164224.0,-9.044632e-05,-0.0065705925,0.0,0,0001
2025-04-01 06:00:00,12.25,43.25,1.5258789e-05,25920000.0,-0.0010660551,-0.0062055737,0.0,0,0001
2025-04-01 06:00:00,12.25,43.5,1.7166138e-05,25577472.0,-0.0030313395,-0.0016324669,0.0,0,0001
2025-04-01 06:00:00,12.0,41.75,9.536743e-06,25966080.0,-9.902939e-05,-0.0060846955,0.0,0,0001
2025-04-01 06:00:00,12.0,42.0,7.6293945e-06,25956352.0,-9.5214695e-05,-0.004216686,0.0,0,0001
2025-04-01 06:00:00,12.0,42.25,7.6293945e-06,25970176.0,-0.00010069832,-0.007934585,0.0,0,0001
2025-04-01 06:00:00,12.0,42.5,5.531311e-05,25962496.0,-0.00013741478,-0.007869497,3.8146973e-06,0,0001
2025-04-01 06:00:00,12.0,42.75,6.484985e-05,26022912.0,-0.00018080696,-0.007518545,3.8146973e-06,0,0001
2025-04-01 06:00:00,12.0,43.0,7.247925e-05,25953792.0,-0.00046404824,-0.0067646652,3.8146973e-06,0,0001
2025-04-01 06:00:00,12.0,43.25,0.00018882751,25718272.0,-0.0021568201,-0.0015854985,0.0,0,0001
2025-04-01 06:00:00,12.0,43.5,0.0001296997,25527808.0,-0.0029838942,2.2351742e-07,0.0,0,0001
2025-04-01 06:00:00,11.75,41.75,5.722046e-06,25881600.0,-0.00018795952,-0.00809361,0.0,0,0001
2025-04-01 06:00:00,11.75,42.0,0.0,25882624.0,-9.3307346e-05,-0.007936731,0.0,0,0001
2025-04-01 06:00:00,11.75,42.25,7.6293945e-06,25871872.0,-0.00028451905,-0.0076563507,0.0,0,0001
2025-04-01 06:00:00,11.75,42.5,2.861023e-05,25796608.0,-0.0007034205,-0.0075450093,1.9073486e-06,0,0001
2025-04-01 06:00:00,11.75,42.75,5.531311e-05,25696256.0,-0.00013789162,-0.0073521286,3.8146973e-06,0,0001
2025-04-01 06:00:00,11.75,43.0,0.00023841858,25618944.0,-0.0020762347,-0.0021236092,1.9073486e-06,0,0001
2025-04-01 06:00:00,11.75,43.25,0.00022315979,25513984.0,-0.0028639697,2.2351742e-07,0.0,0,0001
2025-04-01 06:00:00,11.75,43.5,0.00011444092,25511424.0,-0.0028067492,2.2351742e-07,0.0,0,0001
2025-04-01 06:00:00,11.5,41.75,1.5258789e-05,25786880.0,-0.0006869696,-0.008492485,0.0,0,0001
2025-04-01 06:00:00,11.5,42.0,5.722046e-06,25872896.0,-9.211525e-05,-0.005419746,0.0,0,0001
2025-04-01 06:00:00,11.5,42.25,1.1444092e-05,25872384.0,-0.0002749823,-0.0031736046,0.0,0,0001
2025-04-01 06:00:00,11.5,42.5,1.7166138e-05,25722880.0,-0.00048383698,-0.00770618,0.0,0,0001
2025-04-01 06:00:00,11.5,42.75,6.1035156e-05,25623040.0,-0.00022205338,-0.0072755963,1.9073486e-06,0,0001
2025-04-01 06:00:00,11.5,43.0,0.00016403198,25531904.0,-0.0012706183,-0.004045263,0.0,0,0001
2025-04-01 06:00:00,11.5,43.25,0.00018882751,25434624.0,-0.0022893809,-0.0038862377,0.0,0,0001
2025-04-01 06:00:00,11.5,43.5,0.00011634827,25380864.0,-0.0025654696,-0.0022354275,0.0,0,0001
2025-04-01 06:00:00,11.25,41.75,1.9073486e-05,25779712.0,-0.0011955164,-0.0049233586,0.0,0,0001
2025-04-01 06:00:00,11.25,42.0,9.536743e-06,25863168.0,-0.00064405426,-0.0016584545,0.0,0,0001
2025-04-01 06:00:00,11.25,42.25,3.0517578e-05,25890304.0,-7.9955906e-05,-0.001810804,0.0,0,0001
2025-04-01 06:00:00,11.25,42.5,6.2942505e-05,25746432.0,-0.000118818134,-0.007988229,0.0,0,0001
2025-04-01 06:00:00,11.25,42.75,7.05719e-05,25725952.0,-0.00028499588,-0.0071835667,1.9073486e-06,0,0001
2025-04-01 06:00:00,11.25,43.0,6.484985e-05,25521664.0,-0.00018223748,-0.007022634,0.0,0,0001
2025-04-01 06:00:00,11.25,43.25,0.00012397766,25439232.0,-0.0011006258,-0.00664784,0.0,0,0001
2025-04-01 06:00:00,11.25,43.5,0.00016784668,25052160.0,-0.0026846789,-0.0022373348,0.0,0,0001
2025-04-01 06:00:00,11.0,41.75,1.335144e-05,25833472.0,-0.0007103346,-0.0045313984,0.0,0,0001
2025-04-01 06:00:00,11.0,42.0,1.335144e-05,25837568.0,-0.00085052475,-0.0028877407,0.0,0,0001
2025-04-01 06:00:00,11.0,42.25,3.2424927e-05,25865216.0,-8.710846e-05,-0.0046937615,0.0,0,0001
2025-04-01 06:00:00,11.0,42.5,9.918213e-05,25780224.0,-9.8552555e-05,-0.007857814,0.0,0,0001
2025-04-01 06:00:00,11.0,42.75,7.6293945e-05,25783808.0,-0.00022300705,-0.0070319325,0.0,0,0001
2025-04-01 06:00:00,11.0,43.0,8.010864e-05,25514496.0,-0.00020297989,-0.006903425,0.0,0,0001
2025-04-01 06:00:00,11.0,43.25,9.727478e-05,25444864.0,-0.00024065003,-0.0062310845,0.0,0,0001
2025-04-01 06:00:00,11.0,43.5,0.0001449585,24963584.0,-0.0020788573,-0.0020749718,0.0,0,0001
2025-05-01 06:00:00,12.5,41.75,2.0980835e-05,25133568.0,-0.00011347234,-0.0037466884,0.0,0,0001
2025-05-01 06:00:00,12.5,42.0,4.386902e-05,25089024.0,-0.00015567243,-0.008482397,0.0,0,0001
2025-05-01 06:00:00,12.5,42.25,0.00010871887,25098240.0,-0.00023315847,-0.008490026,1.9073486e-06,0,0001
2025-05-01 06:00:00,12.5,42.5,0.00016403198,25148416.0,-0.00018905103,-0.007245481,5.722046e-06,0,0001
2025-05-01 06:00:00,12.5,42.75,2.0980835e-05,25226752.0,-0.000116571784,-0.00017565489,0.0,0,0001
2025-05-01 06:00:00,12.5,43.0,3.0517578e-05,25257472.0,-7.9378486e-05,-0.0071939826,0.0,0,0001
2025-05-01 06:00:00,12.5,43.25,3.2424927e-05,24752640.0,-0.0037479252,-0.0017995238,0.0,0,0001
2025-05-01 06:00:00,12.5,43.5,2.0980835e-05,24449024.0,-0.004905686,5.9604645e-08,0.0,0,0001
2025-05-01 06:00:00,12.25,41.75,3.8146973e-06,25061888.0,-0.000112995505,-0.007404506,0.0,0,0001
2025-05-01 06:00:00,12.25,42.0,1.335144e-05,25021952.0,-0.00012348592,-0.0061380267,0.0,0,0001
2025-05-01 06:00:00,12.25,42.25,3.8146973e-05,24985600.0,-0.00014065206,-0.002574861,0.0,0,0001
2025-05-01 06:00:00,12.25,42.5,7.247925e-05,25041408.0,-0.00018046796,-0.0073887706,1.9073486e-06,0,0001
2025-05-01 06:00:00,12.25,42.75,6.2942505e-05,25118720.0,-0.00021718442,-0.007508695,0.0,0,0001
2025-05-01 06:00:00,12.25,43.0,2.670288e-05,25166336.0,-0.00012753904,-0.0074498057,0.0,0,0001
2025-05-01 06:00:00,12.25,43.25,2.670288e-05,24985088.0,-0.0014293045,-0.0071637034,0.0,0,0001
2025-05-01 06:00:00,12.25,43.5,4.005432e-05,24699392.0,-0.0042846054,-0.0018944144,0.0,0,0001
2025-05-01 06:00:00,12.0,41.75,3.2424927e-05,24940032.0,-0.00012801588,-0.0061060786,0.0,0,0001
2025-05-01 06:00:00,12.0,42.0,7.05719e-05,24881152.0,-0.00016091764,-0.0042771697,1.9073486e-06,0,0001
2025-05-01 06:00:00,12.0,42.25,0.00011253357,24852992.0,-0.00017951429,-0.0080243945,5.722046e-06,0,0001
2025-05-01 06:00:00,12.0,42.5,0.00012397766,24829952.0,-0.00022386014,-0.008203924,5.722046e-06,0,0001
2025-05-01 06:00:00,12.0,42.75,0.00024604797,24908288.0,-0.00037167966,-0.008216798,1.335144e-05,0,0001
2025-05-01 06:00:00,12.0,43.0,0.00010108948,24899072.0,-0.0006058067,-0.007690847,3.8146973e-06,0,0001
2025-05-01 06:00:00,12.0,43.25,0.0001487732,24743936.0,-0.0028292984,-0.0018031001,0.0,0,0001
2025-05-01 06:00:00,12.0,43.5,0.00011062622,24631296.0,-0.004210457,5.9604645e-08,0.0,0,0001
2025-05-01 06:00:00,11.75,41.75,7.8201294e-05,24777728.0,-0.0002951473,-0.008036554,3.8146973e-06,0,0001
2025-05-01 06:00:00,11.75,42.0,8.392334e-05,24723456.0,-0.00020264089,-0.007954538,3.8146973e-06,0,0001
2025-05-01 06:00:00,11.75,42.25,0.000104904175,24659968.0,-0.00034449995,-0.007782638,5.722046e-06,0,0001
2025-05-01 06:00:00,11.75,42.5,0.0001296997,24570880.0,-0.0007531494,-0.007892787,7.6293945e-06,0,0001
2025-05-01 06:00:00,11.75,42.75,0.00018692017,24498688.0,-0.0002696365,-0.007979572,1.1444092e-05,0,0001
2025-05-01 06:00:00,11.75,43.0,0.00030136108,24477696.0,-0.0018367618,-0.0023998618,1.9073486e-06,0,0001
2025-05-01 06:00:00,11.75,43.25,0.00019836426,24471040.0,-0.0031945556,5.9604645e-08,0.0,0,0001
2025-05-01 06:00:00,11.75,43.5,9.918213e-05,24576000.0,-0.0035545677,5.9604645e-08,0.0,0,0001
2025-05-01 06:00:00,11.5,41.75,0.00025558472,24591872.0,-0.0007994026,-0.008204401,3.8146973e-06,0,0001
2025-05-01 06:00:00,11.5,42.0,0.00012397766,24596992.0,-0.00023673475,-0.005325496,5.722046e-06,0,0001
2025-05-01 06:00:00,11.5,42.25,5.531311e-05,24536576.0,-0.00032661855,-0.0032445788,1.9073486e-06,0,0001
2025-05-01 06:00:00,11.5,42.5,9.727478e-05,24374272.0,-0.00055097044,-0.008041799,3.8146973e-06,0,0001
2025-05-01 06:00:00,11.5,42.75,0.00017547607,24307712.0,-0.000394091,-0.007940948,5.722046e-06,0,0001
2025-05-01 06:00:00,11.5,43.0,0.0002155304,24310272.0,-0.0011732429,-0.0046278834,0.0,0,0001
2025-05-01 06:00:00,11.5,43.25,0.00015830994,24376832.0,-0.00241898,-0.0043424964,0.0,0,0001
2025-05-01 06:00:00,11.5,43.5,8.583069e-05,24446464.0,-0.0030588955,-0.0024978518,0.0,0,0001
2025-05-01 06:00:00,11.25,41.75,0.00023460388,24458752.0,-0.0011842102,-0.004656732,1.9073486e-06,0,0001
2025-05-01 06:00:00,11.25,42.0,0.00010108948,24460288.0,-0.0006573051,-0.0015951991,1.9073486e-06,0,0001
2025-05-01 06:00:00,11.25,42.25,0.00022697449,24411648.0,-0.00033567846,-0.0017518401,1.9073486e-06,0,0001
2025-05-01 06:00:00,11.25,42.5,0.00036621094,24250368.0,-0.0005080551,-0.0080727935,3.8146973e-06,0,0001
2025-05-01 06:00:00,11.25,42.75,0.00068473816,24268288.0,-0.00088737905,-0.0077356696,5.722046e-06,0,0001
2025-05-01 06:00:00,11.25,43.0,0.00025749207,24220160.0,-0.0005264133,-0.0079600215,1.9073486e-06,0,0001
2025-05-01 06:00:00,11.25,43.25,0.00017929077,24349696.0,-0.0014116615,-0.0075113177,0.0,0,0001
2025-05-01 06:00:00,11.25,43.5,0.00012588501,24220160.0,-0.0030450672,-0.0024999976,0.0,0,0001
2025-05-01 06:00:00,11.0,41.75,9.346008e-05,24387072.0,-0.00066922605,-0.0043904185,0.0,0,0001
2025-05-01 06:00:00,11.0,42.0,0.00019836426,24312832.0,-0.00096295774,-0.0027751327,1.9073486e-06,0,0001
2025-05-01 06:00:00,11.0,42.25,0.00043678284,24264704.0,-0.0005698055,-0.004519403,3.8146973e-06,0,0001
2025-05-01 06:00:00,11.0,42.5,0.0006465912,24150528.0,-0.0007457584,-0.007743776,3.8146973e-06,0,0001
2025-05-01 06:00:00,11.0,42.75,0.0009880066,24192512.0,-0.0010499805,-0.00737828,7.6293945e-06,0,0001
2025-05-01 06:00:00,11.0,43.0,0.0003604889,24115712.0,-0.0006174892,-0.007711351,1.9073486e-06,0,0001
2025-05-01 06:00:00,11.0,43.25,0.00019836426,24362496.0,-0.00048039854,-0.0072013736,0.0,0,0001
2025-05-01 06:00:00,11.0,43.5,0.00013923645,24164352.0,-0.0023727268,-0.0024251342,0.0,0,0001
2025-06-01 06:00:00,12.5,41.75,0.0,22232576.0,-9.0934336e-05,-0.0035355985,0.0,0,0001
2025-06-01 06:00:00,12.5,42.0,0.0,22222336.0,-0.000101186335,-0.008051485,0.0,0,0001
2025-06-01 06:00:00,12.5,42.25,0.0,22233088.0,-0.00011549145,-0.008129686,0.0,0,0001
2025-06-01 06:00:00,12.5,42.5,0.0,22191104.0,-9.0934336e-05,-0.0068820417,0.0,0,0001
2025-06-01 06:00:00,12.5,42.75,0.0,22168576.0,-8.211285e-05,-0.00017389655,0.0,0,0001
2025-06-01 06:00:00,12.5,43.0,0.0,22132224.0,-7.043034e-05,-0.0069604814,0.0,0,0001
2025-06-01 06:00:00,12.5,43.25,0.0,21550592.0,-0.0039967075,-0.0017469823,0.0,0,0001
2025-06-01 06:00:00,12.5,43.5,0.0,21201920.0,-0.0052288547,-8.940697e-08,0.0,0,0001
2025-06-01 06:00:00,12.25,41.75,0.0,22204416.0,-9.641796e-05,-0.0068391263,0.0,0,0001
2025-06-01 06:00:00,12.25,42.0,0.0,22146048.0,-9.641796e-05,-0.0057490766,0.0,0,0001
2025-06-01 06:00:00,12.25,42.25,0.0,22076416.0,-9.7848475e-05,-0.0024572313,0.0,0,0001
2025-06-01 06:00:00,12.25,42.5,0.0,22056960.0,-0.00010237843,-0.0070429742,0.0,0,0001
2025-06-01 06:00:00,12.25,42.75,7.6293945e-06,22042112.0,-0.00013313442,-0.0074406564,0.0,0,0001
2025-06-01 06:00:00,12.25,43.0,0.0,21959680.0,-9.474903e-05,-0.007525772,0.0,0,0001
2025-06-01 06:00:00,12.25,43.25,0.0,21642240.0,-0.0014434829,-0.007071346,0.0,0,0001
2025-06-01 06:00:00,12.25,43.5,0.0,21189632.0,-0.004960634,-0.001854986,0.0,0,0001
2025-06-01 06:00:00,12.0,41.75,0.0,22146048.0,-0.00010833889,-0.0056482255,0.0,0,0001
2025-06-01 06:00:00,12.0,42.0,0.0,22023168.0,-0.00011525303,-0.0039800107,0.0,0,0001
2025-06-01 06:00:00,12.0,42.25,0.0,21937664.0,-0.00010214001,-0.0074974,0.0,0,0001
2025-06-01 06:00:00,12.0,42.5,3.8146973e-06,21876736.0,-0.000101186335,-0.007907003,0.0,0,0001
2025-06-01 06:00:00,12.0,42.75,2.2888184e-05,21885952.0,-0.00014195591,-0.00825581,0.0,0,0001
2025-06-01 06:00:00,12.0,43.0,3.8146973e-06,21719552.0,-0.0004316345,-0.007753223,0.0,0,0001
2025-06-01 06:00:00,12.0,43.25,0.0,21296640.0,-0.0034326091,-0.0018218458,0.0,0,0001
2025-06-01 06:00:00,12.0,43.5,0.0,20985856.0,-0.0049735084,-8.940697e-08,0.0,0,0001
2025-06-01 06:00:00,11.75,41.75,0.0,22039552.0,-0.00019202381,-0.0075057447,0.0,0,0001
2025-06-01 06:00:00,11.75,42.0,0.0,21905408.0,-0.00010166317,-0.007428974,0.0,0,0001
2025-06-01 06:00:00,11.75,42.25,0.0,21760000.0,-0.00027713925,-0.007219404,0.0,0,0001
2025-06-01 06:00:00,11.75,42.5,3.8146973e-06,21647872.0,-0.0006426349,-0.0075193346,0.0,0,0001
2025-06-01 06:00:00,11.75,42.75,7.6293945e-06,21542400.0,-0.00011572987,-0.007901996,0.0,0,0001
2025-06-01 06:00:00,11.75,43.0,3.8146973e-06,21305344.0,-0.002019979,-0.0024181306,0.0,0,0001
2025-06-01 06:00:00,11.75,43.25,0.0,21026304.0,-0.0038133636,-8.940697e-08,0.0,0,0001
2025-06-01 06:00:00,11.75,43.5,0.0,20847104.0,-0.004108049,-8.940697e-08,0.0,0,0001
2025-06-01 06:00:00,11.5,41.75,0.0,21900288.0,-0.00055966526,-0.007751316,0.0,0,0001
2025-06-01 06:00:00,11.5,42.0,0.0,21780992.0,-0.00010738522,-0.0049773157,0.0,0,0001
2025-06-01 06:00:00,11.5,42.25,0.0,21633024.0,-0.0002726093,-0.0030218065,0.0,0,0001
2025-06-01 06:00:00,11.5,42.5,0.0,21443072.0,-0.000453569,-0.0077761114,0.0,0,0001
2025-06-01 06:00:00,11.5,42.75,0.0,21331456.0,-0.00017104298,-0.008022159,0.0,0,0001
2025-06-01 06:00:00,11.5,43.0,0.0,21147136.0,-0.0012291446,-0.004824966,0.0,0,0001
2025-06-01 06:00:00,11.5,43.25,0.0,20972032.0,-0.002435781,-0.00441584,0.0,0,0001
2025-06-01 06:00:00,11.5,43.5,0.0,20755456.0,-0.0032027736,-0.002540201,0.0,0,0001
2025-06-01 06:00:00,11.25,41.75,0.0,21763584.0,-0.0009320751,-0.0044251382,0.0,0,0001
2025-06-01 06:00:00,11.25,42.0,0.0,21641216.0,-0.00051198155,-0.0014849603,0.0,0,0001
2025-06-01 06:00:00,11.25,42.25,0.0,21490688.0,-8.9265406e-05,-0.0017856061,0.0,0,0001
2025-06-01 06:00:00,11.25,42.5,0.0,21279232.0,-0.00011334568,-0.008082002,0.0,0,0001
2025-06-01 06:00:00,11.25,42.75,3.8146973e-06,21208064.0,-0.00021634251,-0.008096784,0.0,0,0001
2025-06-01 06:00:00,11.25,43.0,0.0,21037568.0,-0.00013075024,-0.008415073,0.0,0,0001
2025-06-01 06:00:00,11.25,43.25,0.0,20962816.0,-0.0010174289,-0.007859319,0.0,0,0001
2025-06-01 06:00:00,11.25,43.5,0.0,20635136.0,-0.0031322017,-0.0025423467,0.0,0,0001
2025-06-01 06:00:00,11.0,41.75,0.0,21659136.0,-0.0005522743,-0.004202217,0.0,0,0001
2025-06-01 06:00:00,11.0,42.0,1.9073486e-06,21492224.0,-0.00065050274,-0.0027469099,0.0,0,0001
2025-06-01 06:00:00,11.0,42.25,1.9073486e-06,21349888.0,-8.211285e-05,-0.0045295656,0.0,0,0001
2025-06-01 06:00:00,11.0,42.5,0.0,21112320.0,-7.5913966e-05,-0.00794372,0.0,0,0001
2025-06-01 06:00:00,11.0,42.75,5.722046e-06,21028864.0,-0.00016245991,-0.007823318,0.0,0,0001
2025-06-01 06:00:00,11.0,43.0,1.9073486e-06,20857344.0,-0.000114776194,-0.008218616,0.0,0,0001
2025-06-01 06:00:00,11.0,43.25,0.0,21010944.0,-0.00011692196,-0.007778734,0.0,0,0001
2025-06-01 06:00:00,11.0,43.5,0.0,20640768.0,-0.002481319,-0.0026129186,0.0,0,0001
2025-07-01 06:00:00,12.5,41.75,0.00022125244,21200896.0,-0.00027857348,-0.003523223,1.9073486e-06,0,0001
2025-07-01 06:00:00,12.5,42.0,0.00025749207,21114880.0,-0.0003610663,-0.007984512,1.9073486e-06,0,0001
2025-07-01 06:00:00,12.5,42.25,0.0002746582,21072384.0,-0.0004621558,-0.008025281,1.9073486e-06,0,0001
2025-07-01 06:00:00,12.5,42.5,0.00037384033,21033472.0,-0.00029573962,-0.0068908855,9.536743e-06,0,0001
2025-07-01 06:00:00,12.5,42.75,0.00030136108,21081088.0,-0.00035296008,-0.00017439574,0.0,0,0001
2025-07-01 06:00:00,12.5,43.0,0.00010108948,21358080.0,-0.00025473163,-0.0077918693,0.0,0,0001
2025-07-01 06:00:00,12.5,43.25,2.670288e-05,21200896.0,-0.004935842,-0.0019501373,0.0,0,0001
2025-07-01 06:00:00,12.5,43.5,1.9073486e-06,21330432.0,-0.006080728,-1.1175871e-07,0.0,0,0001
2025-07-01 06:00:00,12.25,41.75,0.00018310547,21476352.0,-0.00016985461,-0.0070520565,3.8146973e-06,0,0001
2025-07-01 06:00:00,12.25,42.0,0.000207901,21324800.0,-0.00018988177,-0.005889289,1.9073486e-06,0,0001
2025-07-01 06:00:00,12.25,42.25,8.773804e-05,21112320.0,-0.000177484,-0.0024491474,0.0,0,0001
2025-07-01 06:00:00,12.25,42.5,0.00017356873,20936704.0,-0.0002466254,-0.0070615932,3.8146973e-06,0,0001
2025-07-01 06:00:00,12.25,42.75,0.00034332275,20840448.0,-0.00048504397,-0.0074814484,0.0,0,0001
2025-07-01 06:00:00,12.25,43.0,0.00049209595,21041664.0,-0.00045691058,-0.008096807,3.8146973e-06,0,0001
2025-07-01 06:00:00,12.25,43.25,0.00016784668,21261824.0,-0.0017510466,-0.008199088,0.0,0,0001
2025-07-01 06:00:00,12.25,43.5,1.9073486e-05,21376000.0,-0.0051947646,-0.002204053,0.0,0,0001
2025-07-01 06:00:00,12.0,41.75,0.00015258789,21550080.0,-0.00016699359,-0.005889766,3.8146973e-06,0,0001
2025-07-01 06:00:00,12.0,42.0,0.00016593933,21318144.0,-0.00017939135,-0.004084222,5.722046e-06,0,0001
2025-07-01 06:00:00,12.0,42.25,0.0001373291,21104640.0,-0.00022659823,-0.007637374,7.6293945e-06,0,0001
2025-07-01 06:00:00,12.0,42.5,0.00039482117,20942336.0,-0.0004545264,-0.007890575,2.0980835e-05,0,0001
2025-07-01 06:00:00,12.0,42.75,0.0008659363,20938752.0,-0.00087080523,-0.0082658455,4.5776367e-05,0,0001
2025-07-01 06:00:00,12.0,43.0,0.00030326843,21060096.0,-0.00068388507,-0.008465879,9.536743e-06,0,0001
2025-07-01 06:00:00,12.0,43.25,0.00010871887,21083648.0,-0.0033470206,-0.0019692108,0.0,0,0001
2025-07-01 06:00:00,12.0,43.5,1.9073486e-06,21298176.0,-0.0048695616,-1.1175871e-07,0.0,0,0001
2025-07-01 06:00:00,11.75,41.75,0.00019836426,21537280.0,-0.00035772845,-0.0077577755,9.536743e-06,0,0001
2025-07-01 06:00:00,11.75,42.0,0.00023078918,21291520.0,-0.0003224425,-0.007595174,1.335144e-05,0,0001
2025-07-01 06:00:00,11.75,42.25,0.00017356873,21097472.0,-0.00038681552,-0.007425897,9.536743e-06,0,0001
2025-07-01 06:00:00,11.75,42.5,0.00033187866,20973056.0,-0.0009165816,-0.007646911,1.7166138e-05,0,0001
2025-07-01 06:00:00,11.75,42.75,0.00044059753,20987392.0,-0.00042686984,-0.008246534,2.861023e-05,0,0001
2025-07-01 06:00:00,11.75,43.0,0.00014686584,21000192.0,-0.002397161,-0.0025871918,7.6293945e-06,0,0001
2025-07-01 06:00:00,11.75,43.25,3.8146973e-06,21110784.0,-0.0038510375,-1.1175871e-07,0.0,0,0001
2025-07-01 06:00:00,11.75,43.5,1.9073486e-06,21270016.0,-0.0041209273,-1.1175871e-07,0.0,0,0001
2025-07-01 06:00:00,11.5,41.75,0.00032043457,21539328.0,-0.0009175353,-0.007973067,9.536743e-06,0,0001
2025-07-01 06:00:00,11.5,42.0,0.0002193451,21325824.0,-0.00031147525,-0.005100839,9.536743e-06,0,0001
2025-07-01 06:00:00,11.5,42.25,0.00014686584,21129728.0,-0.00035629794,-0.0031109974,7.6293945e-06,0,0001
2025-07-01 06:00:00,11.5,42.5,0.0001335144,21077504.0,-0.0005560927,-0.008056037,5.722046e-06,0,0001
2025-07-01 06:00:00,11.5,42.75,0.0001487732,21157888.0,-0.00029526278,-0.008556239,9.536743e-06,0,0001
2025-07-01 06:00:00,11.5,43.0,7.247925e-05,21213696.0,-0.0014487319,-0.0054525062,0.0,0,0001
2025-07-01 06:00:00,11.5,43.25,1.5258789e-05,21289984.0,-0.0028425269,-0.005488269,0.0,0,0001
2025-07-01 06:00:00,11.5,43.5,7.6293945e-06,21370880.0,-0.003635984,-0.0031570122,0.0,0,0001
2025-07-01 06:00:00,11.25,41.75,0.00023078918,21599232.0,-0.0012837462,-0.0045863315,1.9073486e-06,0,0001
2025-07-01 06:00:00,11.25,42.0,0.0001335144,21383168.0,-0.0007177405,-0.0015305206,1.9073486e-06,0,0001
2025-07-01 06:00:00,11.25,42.25,9.918213e-05,21249024.0,-0.00014935061,-0.0018578693,1.9073486e-06,0,0001
2025-07-01 06:00:00,11.25,42.5,9.727478e-05,21210112.0,-0.00019560382,-0.00841891,0.0,0,0001
2025-07-01 06:00:00,11.25,42.75,0.00032424927,21372928.0,-0.0005403571,-0.008604638,3.8146973e-06,0,0001
2025-07-01 06:00:00,11.25,43.0,0.00018501282,21424128.0,-0.00030146167,-0.009419315,0.0,0,0001
2025-07-01 06:00:00,11.25,43.25,9.727478e-05,21529600.0,-0.0013934188,-0.009473436,0.0,0,0001
2025-07-01 06:00:00,11.25,43.5,1.9073486e-05,21305856.0,-0.0037480406,-0.0031598732,0.0,0,0001
2025-07-01 06:00:00,11.0,41.75,0.00014686584,21688320.0,-0.00076065585,-0.0045169517,0.0,0,0001
2025-07-01 06:00:00,11.0,42.0,9.727478e-05,21485056.0,-0.0008483939,-0.0029472038,0.0,0,0001
2025-07-01 06:00:00,11.0,42.25,8.9645386e-05,21371392.0,-0.00013409182,-0.0048040077,0.0,0,0001
2025-07-01 06:00:00,11.0,42.5,0.00012588501,21349376.0,-0.0001722388,-0.008395068,0.0,0,0001
2025-07-01 06:00:00,11.0,42.75,0.00042915344,21507584.0,-0.00052605197,-0.0084327385,1.9073486e-06,0,0001
2025-07-01 06:00:00,11.0,43.0,0.0002193451,21519360.0,-0.0002928786,-0.009204261,0.0,0,0001
2025-07-01 06:00:00,11.0,43.25,0.00015258789,21714944.0,-0.00025473163,-0.009280078,0.0,0,0001
2025-07-01 06:00:00,11.0,43.5,5.9127808e-05,21423616.0,-0.0028792433,-0.0032006428,0.0,0,0001
2025-08-01 06:00:00,12.5,41.75,0.0023880005,19785216.0,-0.0020316914,-0.0026470274,3.6239624e-05,0,0001
2025-08-01 06:00:00,12.5,42.0,0.0032749176,19695616.0,-0.002474673,-0.0059598535,5.340576e-05,0,0001
2025-08-01 06:00:00,12.5,42.25,0.0034275055,19653632.0,-0.0026129559,-0.0059517473,3.8146973e-05,0,0001
2025-08-01 06:00:00,12.5,42.5,0.0030670166,19636736.0,-0.0022651032,-0.0052341074,0.000102996826,0,0001
2025-08-01 06:00:00,12.5,42.75,0.0017166138,19724288.0,-0.0018199757,-0.00013194978,7.6293945e-06,0,0001
2025-08-01 06:00:00,12.5,43.0,0.001461029,20125696.0,-0.0013789013,-0.00584279,7.6293945e-06,0,0001
2025-08-01 06:00:00,12.5,43.25,0.0013103485,20060160.0,-0.0033799484,-0.0014628023,1.9073486e-06,0,0001
2025-08-01 06:00:00,12.5,43.5,0.0015716553,20339712.0,-0.0036288574,-1.0430813e-07,0.0,0,0001
2025-08-01 06:00:00,12.25,41.75,0.002904892,20003328.0,-0.0025693253,-0.0050421804,5.9127808e-05,0,0001
2025-08-01 06:00:00,12.25,42.0,0.0023460388,19929600.0,-0.0022629574,-0.0042601675,3.2424927e-05,0,0001
2025-08-01 06:00:00,12.25,42.25,0.0014362335,19787264.0,-0.0014141873,-0.0019088835,7.6293945e-06,0,0001
2025-08-01 06:00:00,12.25,42.5,0.0011177063,19654144.0,-0.0011669472,-0.005627021,1.7166138e-05,0,0001
2025-08-01 06:00:00,12.25,42.75,0.0015773773,19644416.0,-0.0016926602,-0.005681619,7.6293945e-06,0,0001
2025-08-01 06:00:00,12.25,43.0,0.0016765594,20034048.0,-0.0016201809,-0.006094083,1.7166138e-05,0,0001
2025-08-01 06:00:00,12.25,43.25,0.0017642975,20468224.0,-0.002243884,-0.006196603,9.536743e-06,0,0001
2025-08-01 06:00:00,12.25,43.5,0.0016479492,20789760.0,-0.0030981377,-0.0016680807,1.9073486e-06,0,0001
2025-08-01 06:00:00,12.0,41.75,0.0044937134,20014592.0,-0.003105767,-0.0040949434,0.00013923645,0,0001
2025-08-01 06:00:00,12.0,42.0,0.004043579,19945472.0,-0.0029465035,-0.0029266924,0.0001487732,0,0001
2025-08-01 06:00:00,12.0,42.25,0.003545761,19847168.0,-0.0026143864,-0.0055793375,0.00017547607,0,0001
2025-08-01 06:00:00,12.0,42.5,0.0036315918,19889664.0,-0.002754338,-0.0056789964,0.00022315979,0,0001
2025-08-01 06:00:00,12.0,42.75,0.0047035217,20080128.0,-0.0035032108,-0.0057068914,0.0003643036,0,0001
2025-08-01 06:00:00,12.0,43.0,0.0031528473,20362752.0,-0.0028034523,-0.0061505884,0.0001411438,0,0001
2025-08-01 06:00:00,12.0,43.25,0.00091171265,20492288.0,-0.0021201447,-0.0014771074,5.722046e-06,0,0001
2025-08-01 06:00:00,12.0,43.5,0.00089645386,20867072.0,-0.002676852,-1.0430813e-07,0.0,0,0001
2025-08-01 06:00:00,11.75,41.75,0.0045661926,20002304.0,-0.0033277348,-0.0054131597,0.00022315979,0,0001
2025-08-01 06:00:00,11.75,42.0,0.004350662,19930624.0,-0.003157027,-0.005388841,0.00024223328,0,0001
2025-08-01 06:00:00,11.75,42.25,0.0039577484,19994112.0,-0.003116019,-0.005392894,0.00023078918,0,0001
2025-08-01 06:00:00,11.75,42.5,0.0033016205,20128768.0,-0.0031141117,-0.0056859106,0.0002040863,0,0001
2025-08-01 06:00:00,11.75,42.75,0.0033721924,20410368.0,-0.002760537,-0.006279096,0.0002670288,0,0001
2025-08-01 06:00:00,11.75,43.0,0.0017700195,20539392.0,-0.0028828457,-0.0018313974,7.6293945e-05,0,0001
2025-08-01 06:00:00,11.75,43.25,0.00060272217,20691968.0,-0.002714999,-1.0430813e-07,0.0,0,0001
2025-08-01 06:00:00,11.75,43.5,0.00074768066,20816896.0,-0.0027364567,-1.0430813e-07,0.0,0,0001
2025-08-01 06:00:00,11.5,41.75,0.0042152405,20104192.0,-0.0034984425,-0.0058122724,0.0001449585,0,0001
2025-08-01 06:00:00,11.5,42.0,0.0034484863,20141568.0,-0.0028208569,-0.003659591,0.00015640259,0,0001
2025-08-01 06:00:00,11.5,42.25,0.002752304,20211712.0,-0.0024663284,-0.002311334,0.00011253357,0,0001
2025-08-01 06:00:00,11.5,42.5,0.0020580292,20374528.0,-0.0022772625,-0.006377563,8.583069e-05,0,0001
2025-08-01 06:00:00,11.5,42.75,0.0021362305,20673024.0,-0.0021964386,-0.0068496317,0.00010108948,0,0001
2025-08-01 06:00:00,11.5,43.0,0.0011997223,20793344.0,-0.0021411255,-0.0044528097,5.722046e-06,0,0001
2025-08-01 06:00:00,11.5,43.25,0.0013771057,20825600.0,-0.003376849,-0.0042852014,3.8146973e-06,0,0001
2025-08-01 06:00:00,11.5,43.5,0.0012836456,20864512.0,-0.0033315495,-0.0024648756,1.9073486e-06,0,0001
2025-08-01 06:00:00,11.25,41.75,0.0031795502,20414464.0,-0.003389962,-0.0034166425,4.5776367e-05,0,0001
2025-08-01 06:00:00,11.25,42.0,0.0024433136,20449280.0,-0.0027462319,-0.0011235327,5.531311e-05,0,0001
2025-08-01 06:00:00,11.25,42.25,0.0021324158,20493824.0,-0.0020505264,-0.0014337152,2.670288e-05,0,0001
2025-08-01 06:00:00,11.25,42.5,0.0019435883,20587520.0,-0.0021108463,-0.006656036,2.4795532e-05,0,0001
2025-08-01 06:00:00,11.25,42.75,0.0029735565,20800000.0,-0.0028709248,-0.006677732,4.005432e-05,0,0001
2025-08-01 06:00:00,11.25,43.0,0.0018596649,20803584.0,-0.0020653084,-0.0076013654,9.536743e-06,0,0001
2025-08-01 06:00:00,11.25,43.25,0.0018119812,20876800.0,-0.0028606728,-0.007505998,7.6293945e-06,0,0001
2025-08-01 06:00:00,11.25,43.5,0.0011081696,20627968.0,-0.003565438,-0.0024672598,1.9073486e-06,0,0001
2025-08-01 06:00:00,11.0,41.75,0.0022087097,20757504.0,-0.0028287247,-0.0033756346,2.2888184e-05,0,0001
2025-08-01 06:00:00,11.0,42.0,0.0020503998,20776448.0,-0.002679713,-0.002317056,2.2888184e-05,0,0001
2025-08-01 06:00:00,11.0,42.25,0.0018997192,20830720.0,-0.0019856766,-0.0037585348,9.536743e-06,0,0001
2025-08-01 06:00:00,11.0,42.5,0.0019283295,20693504.0,-0.002058871,-0.006614551,9.536743e-06,0,0001
2025-08-01 06:00:00,11.0,42.75,0.0030384064,20749312.0,-0.0027653053,-0.006559953,2.670288e-05,0,0001
2025-08-01 06:00:00,11.0,43.0,0.0016822815,20630528.0,-0.0018435791,-0.0075067133,5.722046e-06,0,0001
2025-08-01 06:00:00,11.0,43.25,0.0011920929,20827648.0,-0.0013247803,-0.007647857,3.8146973e-06,0,0001
2025-08-01 06:00:00,11.0,43.5,0.0004863739,20526592.0,-0.0024703816,-0.002735719,1.9073486e-06,0,0001
2025-09-01 06:00:00,12.5,41.75,5.722046e-05,21995600.0,-0.00024280325,-0.003370043,0.0,0,0001
2025-09-01 06:00:00,12.5,42.0,0.00012397766,21943376.0,-0.000398729,-0.0076222382,1.9073486e-06,0,0001
2025-09-01 06:00:00,12.5,42.25,0.00024032593,21896272.0,-0.0006364323,-0.0076029263,3.8146973e-06,0,0001
2025-09-01 06:00:00,12.5,42.5,0.00043296814,21784656.0,-0.0004423596,-0.006441351,1.335144e-05,0,0001
2025-09-01 06:00:00,12.5,42.75,0.00045394897,21705808.0,-0.00053820387,-0.00015449151,1.9073486e-06,0,0001
2025-09-01 06:00:00,12.5,43.0,0.0002937317,21821008.0,-0.00038394704,-0.006379362,1.9073486e-06,0,0001
2025-09-01 06:00:00,12.5,43.25,7.6293945e-05,21434960.0,-0.0037115552,-0.0015985928,0.0,0,0001
2025-09-01 06:00:00,12.5,43.5,3.4332275e-05,21350992.0,-0.0036040284,3.7252903e-09,0.0,0,0001
2025-09-01 06:00:00,12.25,41.75,0.000118255615,22082128.0,-0.00027236715,-0.006710764,1.9073486e-06,0,0001
2025-09-01 06:00:00,12.25,42.0,0.0001487732,21993040.0,-0.00029525533,-0.005578514,1.9073486e-06,0,0001
2025-09-01 06:00:00,12.25,42.25,6.484985e-05,21808208.0,-0.0002139546,-0.0023183785,0.0,0,0001
2025-09-01 06:00:00,12.25,42.5,0.00018310547,21584976.0,-0.00022444502,-0.006659981,1.9073486e-06,0,0001
2025-09-01 06:00:00,12.25,42.75,0.00042533875,21447248.0,-0.00044832006,-0.00660133,1.9073486e-06,0,0001
2025-09-01 06:00:00,12.25,43.0,0.00039291382,21674064.0,-0.00043687597,-0.0067532025,3.8146973e-06,0,0001
2025-09-01 06:00:00,12.25,43.25,8.9645386e-05,21884496.0,-0.0014272667,-0.006759163,0.0,0,0001
2025-09-01 06:00:00,12.25,43.5,3.0517578e-05,22026320.0,-0.003161762,-0.0018107854,0.0,0,0001
2025-09-01 06:00:00,12.0,41.75,0.00033950806,22038096.0,-0.0008274056,-0.0055062734,9.536743e-06,0,0001
2025-09-01 06:00:00,12.0,42.0,0.0003452301,21949520.0,-0.0007031895,-0.0038864575,1.1444092e-05,0,0001
2025-09-01 06:00:00,12.0,42.25,0.00028419495,21802576.0,-0.00038490072,-0.00726771,1.1444092e-05,0,0001
2025-09-01 06:00:00,12.0,42.5,0.00078964233,21706832.0,-0.001057718,-0.0071649514,4.7683716e-05,0,0001
2025-09-01 06:00:00,12.0,42.75,0.0014896393,21732432.0,-0.0026858784,-0.0067675076,0.00010681152,0,0001
2025-09-01 06:00:00,12.0,43.0,0.00086402893,21868112.0,-0.0015469529,-0.0068454705,3.8146973e-05,0,0001
2025-09-01 06:00:00,12.0,43.25,0.00012397766,21911120.0,-0.0025926568,-0.0016343556,1.9073486e-06,0,0001
2025-09-01 06:00:00,12.0,43.5,3.8146973e-05,22133840.0,-0.0033935048,3.7252903e-09,0.0,0,0001
2025-09-01 06:00:00,11.75,41.75,0.00050354004,21938256.0,-0.0010343529,-0.0071935616,2.2888184e-05,0,0001
2025-09-01 06:00:00,11.75,42.0,0.00044250488,21860432.0,-0.0006068684,-0.0071980916,2.2888184e-05,0,0001
2025-09-01 06:00:00,11.75,42.25,0.0002155304,21860432.0,-0.00055489317,-0.0071620904,1.1444092e-05,0,0001
2025-09-01 06:00:00,11.75,42.5,0.00041007996,21828176.0,-0.0012641884,-0.0072133504,2.670288e-05,0,0001
2025-09-01 06:00:00,11.75,42.75,0.00061416626,21900368.0,-0.0011490323,-0.007337328,4.5776367e-05,0,0001
2025-09-01 06:00:00,11.75,43.0,0.00037384033,21933648.0,-0.0021232106,-0.0020756684,2.0980835e-05,0,0001
2025-09-01 06:00:00,11.75,43.25,1.7166138e-05,22024272.0,-0.0029529072,3.7252903e-09,0.0,0,0001
2025-09-01 06:00:00,11.75,43.5,4.386902e-05,22126160.0,-0.0031577088,3.7252903e-09,0.0,0,0001
2025-09-01 06:00:00,11.5,41.75,0.0006008148,21774928.0,-0.0018683411,-0.007293936,1.7166138e-05,0,0001
2025-09-01 06:00:00,11.5,42.0,0.00038528442,21823568.0,-0.00061783567,-0.0048284493,1.7166138e-05,0,0001
2025-09-01 06:00:00,11.5,42.25,0.0002040863,21835344.0,-0.0005024411,-0.0030224286,5.722046e-06,0,0001
2025-09-01 06:00:00,11.5,42.5,0.0001449585,21815888.0,-0.0006452538,-0.0076389275,3.8146973e-06,0,0001
2025-09-01 06:00:00,11.5,42.75,0.00028800964,21922896.0,-0.00045475736,-0.0077555142,9.536743e-06,0,0001
2025-09-01 06:00:00,11.5,43.0,0.00013923645,21999696.0,-0.0010901429,-0.004650589,1.9073486e-06,0,0001
2025-09-01 06:00:00,11.5,43.25,4.5776367e-05,22130768.0,-0.0022676922,-0.004494425,0.0,0,0001
2025-09-01 06:00:00,11.5,43.5,5.9127808e-05,22203984.0,-0.0027440526,-0.0025854073,0.0,0,0001
2025-09-01 06:00:00,11.25,41.75,0.00044631958,21682256.0,-0.0020526387,-0.0041012727,5.722046e-06,0,0001
2025-09-01 06:00:00,11.25,42.0,0.00024032593,21727824.0,-0.0008643605,-0.0014557801,5.722046e-06,0,0001
2025-09-01 06:00:00,11.25,42.25,0.00022506714,21723216.0,-0.0003231503,-0.0016956292,1.9073486e-06,0,0001
2025-09-01 06:00:00,11.25,42.5,0.00021743774,21651536.0,-0.00038656965,-0.0077567063,1.9073486e-06,0,0001
2025-09-01 06:00:00,11.25,42.75,0.00060272217,21758544.0,-0.0012124516,-0.0074822865,9.536743e-06,0,0001
2025-09-01 06:00:00,11.25,43.0,0.0004386902,21837904.0,-0.0005925633,-0.007943388,1.9073486e-06,0,0001
2025-09-01 06:00:00,11.25,43.25,0.00025558472,22113872.0,-0.0013874508,-0.007730957,0.0,0,0001
2025-09-01 06:00:00,11.25,43.5,0.00032806396,22192720.0,-0.0027383305,-0.002587553,0.0,0,0001
2025-09-01 06:00:00,11.0,41.75,0.00033187866,21638224.0,-0.0009275414,-0.0040726624,3.8146973e-06,0,0001
2025-09-01 06:00:00,11.0,42.0,0.00025558472,21633616.0,-0.0009456612,-0.00268149,1.9073486e-06,0,0001
2025-09-01 06:00:00,11.0,42.25,0.0002593994,21632592.0,-0.0003322102,-0.004378315,0.0,0,0001
2025-09-01 06:00:00,11.0,42.5,0.00022125244,21411920.0,-0.00036391988,-0.007562872,0.0,0,0001
2025-09-01 06:00:00,11.0,42.75,0.00055885315,21433424.0,-0.0012956597,-0.007182356,5.722046e-06,0,0001
2025-09-01 06:00:00,11.0,43.0,0.00045776367,21505104.0,-0.0006166436,-0.00772905,1.9073486e-06,0,0001
2025-09-01 06:00:00,11.0,43.25,0.00037193298,22126160.0,-0.00057277456,-0.0075011216,1.9073486e-06,0,0001
2025-09-01 06:00:00,11.0,43.5,0.0005340576,22192208.0,-0.0021716096,-0.0025784932,1.9073486e-06,0,0001
2025-10-01 06:00:00,12.5,41.75,0.0,21711872.0,-0.000105883926,-0.0030898713,0.0,0,0001
2025-10-01 06:00:00,12.5,42.0,7.6293945e-06,21346816.0,-0.0001440309,-0.0070149563,0.0,0,0001
2025-10-01 06:00:00,12.5,42.25,2.0980835e-05,21230592.0,-0.00016429648,-0.007098403,0.0,0,0001
2025-10-01 06:00:00,12.5,42.5,1.335144e-05,21544448.0,-0.00011303648,-0.006176438,0.0,0,0001
2025-10-01 06:00:00,12.5,42.75,3.2424927e-05,21988352.0,-0.00010993704,-0.00014802441,0.0,0,0001
2025-10-01 06:00:00,12.5,43.0,5.722046e-06,22336000.0,-0.00017049536,-0.0059287213,0.0,0,0001
2025-10-01 06:00:00,12.5,43.25,3.8146973e-06,22000128.0,-0.004657533,-0.0014788769,0.0,0,0001
2025-10-01 06:00:00,12.5,43.5,3.8146973e-06,21848576.0,-0.0054722093,3.3527613e-08,0.0,0,0001
2025-10-01 06:00:00,12.25,41.75,0.0,21782016.0,-0.00011303648,-0.006235089,0.0,0,0001
2025-10-01 06:00:00,12.25,42.0,1.9073486e-06,21496832.0,-0.00010731444,-0.0051352642,0.0,0,0001
2025-10-01 06:00:00,12.25,42.25,3.8146973e-06,21347840.0,-0.000104214996,-0.0021609925,0.0,0,0001
2025-10-01 06:00:00,12.25,42.5,1.335144e-05,21549568.0,-0.00010564551,-0.0062255524,0.0,0,0001
2025-10-01 06:00:00,12.25,42.75,1.5258789e-05,21847040.0,-8.4187835e-05,-0.0063373707,0.0,0,0001
2025-10-01 06:00:00,12.25,43.0,7.43866e-05,22224896.0,-0.00013854727,-0.0058991574,0.0,0,0001
2025-10-01 06:00:00,12.25,43.25,2.2888184e-05,22347776.0,-0.0013566278,-0.005685296,0.0,0,0001
2025-10-01 06:00:00,12.25,43.5,7.6293945e-06,22369792.0,-0.003757503,-0.0015055798,0.0,0,0001
2025-10-01 06:00:00,12.0,41.75,0.0,21808640.0,-0.00013139471,-0.0052435063,0.0,0,0001
2025-10-01 06:00:00,12.0,42.0,7.6293945e-06,21690880.0,-0.00012281165,-0.0035967492,0.0,0,0001
2025-10-01 06:00:00,12.0,42.25,2.4795532e-05,21636608.0,-0.00012519583,-0.006761756,1.9073486e-06,0,0001
2025-10-01 06:00:00,12.0,42.5,8.583069e-05,21735936.0,-0.00023725256,-0.006790843,5.722046e-06,0,0001
2025-10-01 06:00:00,12.0,42.75,9.346008e-05,22020608.0,-0.0004740022,-0.0066725872,5.722046e-06,0,0001
2025-10-01 06:00:00,12.0,43.0,3.6239624e-05,22264320.0,-0.00053241476,-0.006137576,0.0,0,0001
2025-10-01 06:00:00,12.0,43.25,3.2424927e-05,22347264.0,-0.0026209615,-0.0014271401,0.0,0,0001
2025-10-01 06:00:00,12.0,43.5,1.335144e-05,22492672.0,-0.0037782453,3.3527613e-08,0.0,0,0001
2025-10-01 06:00:00,11.75,41.75,0.0,21893120.0,-0.00021531805,-0.007047143,0.0,0,0001
2025-10-01 06:00:00,11.75,42.0,7.6293945e-06,21824512.0,-0.000105883926,-0.006905522,0.0,0,0001
2025-10-01 06:00:00,11.75,42.25,1.5258789e-05,21896704.0,-0.00033262,-0.0066847466,0.0,0,0001
2025-10-01 06:00:00,11.75,42.5,4.196167e-05,21953024.0,-0.0008693002,-0.006677117,1.9073486e-06,0,0001
2025-10-01 06:00:00,11.75,42.75,4.005432e-05,22049280.0,-0.00032451376,-0.0066597126,1.9073486e-06,0,0001
2025-10-01 06:00:00,11.75,43.0,5.340576e-05,22213632.0,-0.002528455,-0.0019225739,0.0,0,0001
2025-10-01 06:00:00,11.75,43.25,4.5776367e-05,22379520.0,-0.003477361,3.3527613e-08,0.0,0,0001
2025-10-01 06:00:00,11.75,43.5,2.4795532e-05,22589952.0,-0.003661897,3.3527613e-08,0.0,0,0001
2025-10-01 06:00:00,11.5,41.75,0.0,21920256.0,-0.000694301,-0.007400956,0.0,0,0001
2025-10-01 06:00:00,11.5,42.0,5.722046e-06,21983744.0,-0.00011041388,-0.0047304295,0.0,0,0001
2025-10-01 06:00:00,11.5,42.25,9.536743e-06,22052352.0,-0.00031450018,-0.0028030537,0.0,0,0001
2025-10-01 06:00:00,11.5,42.5,3.0517578e-05,22061056.0,-0.0006058477,-0.006923165,0.0,0,0001
2025-10-01 06:00:00,11.5,42.75,0.000102996826,22181376.0,-0.00037529692,-0.006758895,1.9073486e-06,0,0001
2025-10-01 06:00:00,11.5,43.0,5.1498413e-05,22353408.0,-0.0015888475,-0.0038470887,0.0,0,0001
2025-10-01 06:00:00,11.5,43.25,8.392334e-05,22544384.0,-0.0025770925,-0.0036728047,0.0,0,0001
2025-10-01 06:00:00,11.5,43.5,6.67572e-05,22720000.0,-0.0032115243,-0.002112832,0.0,0,0001
2025-10-01 06:00:00,11.25,41.75,0.0,21989376.0,-0.0011580251,-0.004275527,0.0,0,0001
2025-10-01 06:00:00,11.25,42.0,5.722046e-06,22044160.0,-0.00061443076,-0.0014395379,0.0,0,0001
2025-10-01 06:00:00,11.25,42.25,1.9073486e-05,22048256.0,-9.825453e-05,-0.0016209744,0.0,0,0001
2025-10-01 06:00:00,11.25,42.5,5.1498413e-05,22062080.0,-0.00018694624,-0.007194247,0.0,0,0001
2025-10-01 06:00:00,11.25,42.75,0.00011253357,22330880.0,-0.00045516714,-0.006759133,1.9073486e-06,0,0001
2025-10-01 06:00:00,11.25,43.0,4.386902e-05,22487552.0,-0.0002544187,-0.006686654,0.0,0,0001
2025-10-01 06:00:00,11.25,43.25,7.6293945e-05,22767104.0,-0.0011275075,-0.006337609,0.0,0,0001
2025-10-01 06:00:00,11.25,43.5,0.00011634827,22790656.0,-0.0032799505,-0.0021145009,0.0,0,0001
2025-10-01 06:00:00,11.0,41.75,1.9073486e-06,22252544.0,-0.00066712126,-0.004012551,0.0,0,0001
2025-10-01 06:00:00,11.0,42.0,0.0,21988352.0,-0.0008111261,-0.0025612973,0.0,0,0001
2025-10-01 06:00:00,11.0,42.25,1.5258789e-05,21960704.0,-0.00012686476,-0.004178252,0.0,0,0001
2025-10-01 06:00:00,11.0,42.5,4.196167e-05,22034432.0,-0.00012686476,-0.007100787,0.0,0,0001
2025-10-01 06:00:00,11.0,42.75,4.005432e-05,22363648.0,-0.0003237985,-0.0066139363,0.0,0,0001
2025-10-01 06:00:00,11.0,43.0,3.8146973e-05,22546944.0,-0.00022413954,-0.0065917633,0.0,0,0001
2025-10-01 06:00:00,11.0,43.25,7.05719e-05,23050752.0,-0.00026753172,-0.006050553,0.0,0,0001
2025-10-01 06:00:00,11.0,43.5,0.0001296997,23016960.0,-0.0026710294,-0.0020367764,0.0,0,0001
2025-11-01 06:00:00,12.5,41.75,0.0,22052864.0,-6.662682e-05,-0.0028976984,0.0,0,0001
2025-11-01 06:00:00,12.5,42.0,1.9073486e-06,21869568.0,-7.616356e-05,-0.006540496,0.0,0,0001
2025-11-01 06:00:00,12.5,42.25,3.8146973e-06,21807104.0,-0.00010334328,-0.0065397806,0.0,0,0001
2025-11-01 06:00:00,12.5,42.5,1.9073486e-06,21946368.0,-0.00011478737,-0.005701024,0.0,0,0001
2025-11-01 06:00:00,12.5,42.75,0.0,22093824.0,-4.278496e-05,-0.00012655929,0.0,0,0001
2025-11-01 06:00:00,12.5,43.0,0.0,21996544.0,-5.9951097e-05,-0.0054721422,0.0,0,0001
2025-11-01 06:00:00,12.5,43.25,6.1035156e-05,21272576.0,-0.0059775,-0.0013587065,0.0,0,0001
2025-11-01 06:00:00,12.5,43.5,6.866455e-05,20705280.0,-0.0076521523,4.0978193e-08,0.0,0,0001
2025-11-01 06:00:00,12.25,41.75,0.0,22178816.0,-7.425621e-05,-0.005706031,0.0,0,0001
2025-11-01 06:00:00,12.25,42.0,0.0,22020096.0,-6.7103654e-05,-0.0047125407,0.0,0,0001
2025-11-01 06:00:00,12.25,42.25,0.0,21924864.0,-6.7103654e-05,-0.0019857474,0.0,0,0001
2025-11-01 06:00:00,12.25,42.5,1.9073486e-06,22030336.0,-5.8520585e-05,-0.005719144,0.0,0,0001
2025-11-01 06:00:00,12.25,42.75,2.2888184e-05,22078464.0,-7.425621e-05,-0.0056259222,0.0,0,0001
2025-11-01 06:00:00,12.25,43.0,1.335144e-05,21812224.0,-5.9951097e-05,-0.0051042624,0.0,0,0001
2025-11-01 06:00:00,12.25,43.25,4.196167e-05,21178368.0,-0.0015567429,-0.005094487,0.0,0,0001
2025-11-01 06:00:00,12.25,43.5,9.918213e-05,20451328.0,-0.005052436,-0.0013649054,0.0,0,0001
2025-11-01 06:00:00,12.0,41.75,0.0,22245376.0,-8.283928e-05,-0.0047692843,0.0,0,0001
2025-11-01 06:00:00,12.0,42.0,0.0,22125568.0,-8.426979e-05,-0.003263194,0.0,0,0001
2025-11-01 06:00:00,12.0,42.25,1.9073486e-06,22036480.0,-9.094551e-05,-0.006116826,0.0,0,0001
2025-11-01 06:00:00,12.0,42.5,1.7166138e-05,21872640.0,-0.00012098625,-0.0060035773,1.9073486e-06,0,0001
2025-11-01 06:00:00,12.0,42.75,2.4795532e-05,21791744.0,-0.00026165321,-0.0056020804,1.9073486e-06,0,0001
2025-11-01 06:00:00,12.0,43.0,0.00010108948,21476352.0,-0.0005577691,-0.00522371,1.9073486e-06,0,0001
2025-11-01 06:00:00,12.0,43.25,0.0002002716,20973568.0,-0.003670562,-0.0012321062,0.0,0,0001
2025-11-01 06:00:00,12.0,43.5,0.00014686584,20484096.0,-0.005231727,4.0978193e-08,0.0,0,0001
2025-11-01 06:00:00,11.75,41.75,0.0,22316032.0,-0.00018488243,-0.0063888617,0.0,0,0001
2025-11-01 06:00:00,11.75,42.0,0.0,22218752.0,-9.9051744e-05,-0.0062117167,0.0,0,0001
2025-11-01 06:00:00,11.75,42.25,1.9073486e-06,22033408.0,-0.00025450066,-0.0059699602,0.0,0,0001
2025-11-01 06:00:00,11.75,42.5,9.536743e-06,21721088.0,-0.00066267326,-0.0058693476,0.0,0,0001
2025-11-01 06:00:00,11.75,42.75,2.2888184e-05,21325824.0,-0.00013719872,-0.0057582445,1.9073486e-06,0,0001
2025-11-01 06:00:00,11.75,43.0,0.00021362305,21060608.0,-0.003735412,-0.0016183443,1.9073486e-06,0,0001
2025-11-01 06:00:00,11.75,43.25,0.00024986267,20802560.0,-0.005102027,4.0978193e-08,0.0,0,0001
2025-11-01 06:00:00,11.75,43.5,0.0001296997,20782080.0,-0.0049456246,4.0978193e-08,0.0,0,0001
2025-11-01 06:00:00,11.5,41.75,0.0,22359040.0,-0.0006607659,-0.0067374296,0.0,0,0001
2025-11-01 06:00:00,11.5,42.0,0.0,22367232.0,-9.476021e-05,-0.004261691,0.0,0,0001
2025-11-01 06:00:00,11.5,42.25,1.9073486e-06,22193152.0,-0.00023638085,-0.0024885722,0.0,0,0001
2025-11-01 06:00:00,11.5,42.5,3.8146973e-06,21724160.0,-0.00042902306,-0.0061938353,0.0,0,0001
2025-11-01 06:00:00,11.5,42.75,1.1444092e-05,21288960.0,-0.00011478737,-0.0059217997,0.0,0,0001
2025-11-01 06:00:00,11.5,43.0,0.0001296997,21037056.0,-0.0022276528,-0.003386218,0.0,0,0001
2025-11-01 06:00:00,11.5,43.25,0.00015449524,20932608.0,-0.0031779893,-0.0032777376,0.0,0,0001
2025-11-01 06:00:00,11.5,43.5,8.392334e-05,20883456.0,-0.0039061196,-0.0018853731,0.0,0,0001
2025-11-01 06:00:00,11.25,41.75,0.0,22505472.0,-0.0011104234,-0.0039276667,0.0,0,0001
2025-11-01 06:00:00,11.25,42.0,0.0,22511616.0,-0.00058399513,-0.0013007708,0.0,0,0001
2025-11-01 06:00:00,11.25,42.25,1.9073486e-06,22392832.0,-4.8983842e-05,-0.0014755316,0.0,0,0001
2025-11-01 06:00:00,11.25,42.5,3.8146973e-06,21946368.0,-7.807091e-05,-0.0065128393,0.0,0,0001
2025-11-01 06:00:00,11.25,42.75,1.335144e-05,21628928.0,-0.00021683052,-0.005797822,0.0,0,0001
2025-11-01 06:00:00,11.25,43.0,4.5776367e-05,21292032.0,-0.00014625862,-0.005797345,0.0,0,0001
2025-11-01 06:00:00,11.25,43.25,7.43866e-05,21228544.0,-0.0009816773,-0.00555845,0.0,0,0001
2025-11-01 06:00:00,11.25,43.5,0.00018119812,20891648.0,-0.0038179047,-0.0018870421,0.0,0,0001
2025-11-01 06:00:00,11.0,41.75,0.0,22713344.0,-0.00063167885,-0.0037018843,0.0,0,0001
2025-11-01 06:00:00,11.0,42.0,0.0,22697984.0,-0.0007556565,-0.0024108477,0.0,0,0001
2025-11-01 06:00:00,11.0,42.25,1.9073486e-06,22587392.0,-4.946068e-05,-0.0038854666,0.0,0,0001
2025-11-01 06:00:00,11.0,42.5,5.722046e-06,22315008.0,-5.8520585e-05,-0.006467063,0.0,0,0001
2025-11-01 06:00:00,11.0,42.75,1.9073486e-05,22088704.0,-0.00022779778,-0.0056550093,0.0,0,0001
2025-11-01 06:00:00,11.0,43.0,4.5776367e-05,21722112.0,-0.00018869713,-0.005683858,0.0,0,0001
2025-11-01 06:00:00,11.0,43.25,4.9591064e-05,21682176.0,-0.00016104057,-0.005269725,0.0,0,0001
2025-11-01 06:00:00,11.0,43.5,0.00018501282,21242880.0,-0.003152717,-0.0018162318,0.0,0,0001
2025-12-01 06:00:00,12.5,41.75,6.0081482e-05,18863104.0,-6.470084e-05,-0.0024024583,0.0,0,0005
2025-12-01 06:00:00,12.5,42.0,5.4359436e-05,18971648.0,-8.997321e-05,-0.00540844,9.536743e-07,0,0005
2025-12-01 06:00:00,12.5,42.25,6.198883e-05,19092480.0,-0.00013765693,-0.005371008,9.536743e-07,0,0005
2025-12-01 06:00:00,12.5,42.5,0.00015258789,19198976.0,-0.00020393729,-0.004643593,3.8146973e-06,0,0005
2025-12-01 06:00:00,12.5,42.75,0.00014400482,19275776.0,-0.00014337897,-9.385124e-05,9.536743e-07,0,0005
2025-12-01 06:00:00,12.5,43.0,9.6321106e-05,19299328.0,-0.00010332465,-0.004484806,0.0,0,0005
2025-12-01 06:00:00,12.5,43.25,0.00038146973,18783232.0,-0.005466789,-0.0011128522,0.0,0,0005
2025-12-01 06:00:00,12.5,43.5,0.00033473969,18424832.0,-0.0069001615,-1.527369e-07,0.0,0,0005
2025-12-01 06:00:00,12.25,41.75,3.9100647e-05,18969600.0,-5.7548285e-05,-0.0047520734,0.0,0,0005
2025-12-01 06:00:00,12.25,42.0,2.3841858e-05,19115008.0,-6.0886145e-05,-0.0039462186,0.0,0,0005
2025-12-01 06:00:00,12.25,42.25,2.0980835e-05,19182592.0,-5.850196e-05,-0.0016380884,0.0,0,0005
2025-12-01 06:00:00,12.25,42.5,6.484985e-05,19181568.0,-6.946921e-05,-0.0047184564,9.536743e-07,0,0005
2025-12-01 06:00:00,12.25,42.75,0.00026798248,19085312.0,-0.00029310584,-0.0044120885,9.536743e-07,0,0005
2025-12-01 06:00:00,12.25,43.0,0.0003004074,18989056.0,-0.00029167533,-0.004119072,3.8146973e-06,0,0005
2025-12-01 06:00:00,12.25,43.25,0.00026893616,18689024.0,-0.0015290678,-0.004372511,1.9073486e-06,0,0005
2025-12-01 06:00:00,12.25,43.5,0.00030708313,18313216.0,-0.0046051443,-0.0011939146,0.0,0,0005
2025-12-01 06:00:00,12.0,41.75,4.196167e-05,19094528.0,-0.000100940466,-0.003974352,9.536743e-07,0,0005
2025-12-01 06:00:00,12.0,42.0,2.861023e-05,19170304.0,-0.000105232,-0.0027569868,9.536743e-07,0,0005
2025-12-01 06:00:00,12.0,42.25,4.9591064e-05,19190784.0,-0.00012478232,-0.005158577,1.9073486e-06,0,0005
2025-12-01 06:00:00,12.0,42.5,8.010864e-05,18952192.0,-0.00017008185,-0.0049707033,4.7683716e-06,0,0005
2025-12-01 06:00:00,12.0,42.75,0.00034332275,18790400.0,-0.0004900396,-0.004435692,1.8119812e-05,0,0005
2025-12-01 06:00:00,12.0,43.0,0.00081825256,18622464.0,-0.0010717809,-0.0042001344,3.0517578e-05,0,0005
2025-12-01 06:00:00,12.0,43.25,0.0007343292,18413568.0,-0.0033667982,-0.000994835,1.9073486e-06,0,0005
2025-12-01 06:00:00,12.0,43.5,0.0004529953,18260992.0,-0.004767269,-1.527369e-07,0.0,0,0005
2025-12-01 06:00:00,11.75,41.75,7.915497e-05,19193856.0,-0.0002091825,-0.005303774,2.861023e-06,0,0005
2025-12-01 06:00:00,11.75,42.0,5.4359436e-05,19258368.0,-0.00013288856,-0.0052301027,2.861023e-06,0,0005
2025-12-01 06:00:00,11.75,42.25,4.196167e-05,19104768.0,-0.0002168119,-0.0050660707,1.9073486e-06,0,0005
2025-12-01 06:00:00,11.75,42.5,9.727478e-05,18733056.0,-0.0005234182,-0.004906092,5.722046e-06,0,0005
2025-12-01 06:00:00,11.75,42.75,0.00062561035,18294784.0,-0.000626415,-0.0046507455,4.5776367e-05,0,0005
2025-12-01 06:00:00,11.75,43.0,0.0013933182,18147328.0,-0.003414005,-0.0012959577,1.04904175e-05,0,0005
2025-12-01 06:00:00,11.75,43.25,0.0009326935,18139136.0,-0.0045865476,-1.527369e-07,0.0,0,0005
2025-12-01 06:00:00,11.75,43.5,0.0005226135,18339840.0,-0.004526466,-1.527369e-07,0.0,0,0005
2025-12-01 06:00:00,11.5,41.75,0.00016498566,19292160.0,-0.00059875846,-0.0054890253,2.861023e-06,0,0005
2025-12-01 06:00:00,11.5,42.0,8.2969666e-05,19405824.0,-0.00014004111,-0.0035621263,2.861023e-06,0,0005
2025-12-01 06:00:00,11.5,42.25,3.8146973e-05,19260416.0,-0.00019058585,-0.0021072961,1.9073486e-06,0,0005
2025-12-01 06:00:00,11.5,42.5,7.343292e-05,18639872.0,-0.00035843253,-0.005111847,2.861023e-06,0,0005
2025-12-01 06:00:00,11.5,42.75,0.0004749298,18098176.0,-0.0005453527,-0.0047265626,2.670288e-05,0,0005
2025-12-01 06:00:00,11.5,43.0,0.0012016296,17894400.0,-0.0023382604,-0.002674017,2.861023e-06,0,0005
2025-12-01 06:00:00,11.5,43.25,0.00081539154,17945600.0,-0.0030559003,-0.0026792623,1.9073486e-06,0,0005
2025-12-01 06:00:00,11.5,43.5,0.00048732758,18108416.0,-0.0036533773,-0.001541052,9.536743e-07,0,0005
2025-12-01 06:00:00,11.25,41.75,0.00018978119,19507200.0,-0.00092062354,-0.0031339265,1.9073486e-06,0,0005
2025-12-01 06:00:00,11.25,42.0,0.00010204315,19620864.0,-0.00048479438,-0.0010801889,2.861023e-06,0,0005
2025-12-01 06:00:00,11.25,42.25,4.386902e-05,19463168.0,-0.00010809302,-0.0011529066,9.536743e-07,0,0005
2025-12-01 06:00:00,11.25,42.5,9.059906e-05,18778112.0,-0.00020250678,-0.0051981546,9.536743e-07,0,0005
2025-12-01 06:00:00,11.25,42.75,0.00038909912,18172928.0,-0.00056251884,-0.004427109,4.7683716e-06,0,0005
2025-12-01 06:00:00,11.25,43.0,0.00094127655,17718272.0,-0.00092443824,-0.004436169,4.7683716e-06,0,0005
2025-12-01 06:00:00,11.25,43.25,0.0008029938,17808384.0,-0.0015071332,-0.004368935,3.8146973e-06,0,0005
2025-12-01 06:00:00,11.25,43.5,0.0009126663,17619968.0,-0.0033777654,-0.0015424825,9.536743e-07,0,0005
2025-12-01 06:00:00,11.0,41.75,0.00022506714,19712000.0,-0.0006493032,-0.0029806234,1.9073486e-06,0,0005
2025-12-01 06:00:00,11.0,42.0,8.678436e-05,19915776.0,-0.00060114264,-0.0019425489,9.536743e-07,0,0005
2025-12-01 06:00:00,11.0,42.25,4.4822693e-05,19774464.0,-0.00012430549,-0.0030945875,0.0,0,0005
2025-12-01 06:00:00,11.0,42.5,9.441376e-05,19060736.0,-0.00019201636,-0.0050415136,0.0,0,0005
2025-12-01 06:00:00,11.0,42.75,0.00038337708,18399232.0,-0.0005072057,-0.004214201,2.861023e-06,0,0005
2025-12-01 06:00:00,11.0,43.0,0.0007762909,17793024.0,-0.0008214414,-0.0042418577,2.861023e-06,0,0005
2025-12-01 06:00:00,11.0,43.25,0.0008172989,17848320.0,-0.0008557737,-0.0039917566,3.8146973e-06,0,0005
2025-12-01 06:00:00,11.0,43.5,0.00095176697,17541120.0,-0.002764076,-0.0013953783,0.0,0,0005
2026-01-01 06:00:00,12.5,41.75,0.0,21656576.0,-5.6173652e-05,-0.0026439242,0.0,0,0005
2026-01-01 06:00:00,12.5,42.0,0.0,21608448.0,-6.141886e-05,-0.005942922,0.0,0,0005
2026-01-01 06:00:00,12.5,42.25,0.0,21586944.0,-7.0955604e-05,-0.00588594,0.0,0,0005
2026-01-01 06:00:00,12.5,42.5,0.0,21605376.0,-5.5696815e-05,-0.005108457,0.0,0,0005
2026-01-01 06:00:00,12.5,42.75,0.0,21578752.0,-4.1868538e-05,-0.00010142848,0.0,0,0005
2026-01-01 06:00:00,12.5,43.0,0.0,21354496.0,-4.13917e-05,-0.0048922114,0.0,0,0005
2026-01-01 06:00:00,12.5,43.25,0.00020217896,20552704.0,-0.005908396,-0.0012131743,0.0,0,0005
2026-01-01 06:00:00,12.5,43.5,0.00022029877,19845120.0,-0.007376101,-1.0058284e-07,0.0,0,0005
2026-01-01 06:00:00,12.25,41.75,0.0,21727232.0,-5.665049e-05,-0.005189996,0.0,0,0005
2026-01-01 06:00:00,12.25,42.0,0.0,21633024.0,-5.6173652e-05,-0.0043009333,0.0,0,0005
2026-01-01 06:00:00,12.25,42.25,0.0,21520384.0,-5.6173652e-05,-0.0017748885,0.0,0,0005
2026-01-01 06:00:00,12.25,42.5,0.0,21496832.0,-5.9034675e-05,-0.005089622,0.0,0,0005
2026-01-01 06:00:00,12.25,42.75,1.04904175e-05,21387264.0,-0.00011005625,-0.004815679,0.0,0,0005
2026-01-01 06:00:00,12.25,43.0,5.722046e-06,21027840.0,-7.7631325e-05,-0.004445415,0.0,0,0005
2026-01-01 06:00:00,12.25,43.25,7.534027e-05,20335616.0,-0.0014990829,-0.0046404414,0.0,0,0005
2026-01-01 06:00:00,12.25,43.5,0.00015926361,19518464.0,-0.00488415,-0.001260858,0.0,0,0005
2026-01-01 06:00:00,12.0,41.75,0.0,21748736.0,-6.857142e-05,-0.004327636,0.0,0,0005
2026-01-01 06:00:00,12.0,42.0,9.536743e-07,21555200.0,-7.4293464e-05,-0.0029595904,0.0,0,0005
2026-01-01 06:00:00,12.0,42.25,1.9073486e-06,21378048.0,-7.8585e-05,-0.00550304,0.0,0,0005
2026-01-01 06:00:00,12.0,42.5,1.335144e-05,21013504.0,-0.00011339411,-0.005275827,0.0,0,0005
2026-01-01 06:00:00,12.0,42.75,3.9100647e-05,20742144.0,-0.0002287887,-0.0047465377,1.9073486e-06,0,0005
2026-01-01 06:00:00,12.0,43.0,0.0002374649,20358144.0,-0.00070657954,-0.004497867,7.6293945e-06,0,0005
2026-01-01 06:00:00,12.0,43.25,0.00045204163,19876864.0,-0.003425505,-0.0010725074,0.0,0,0005
2026-01-01 06:00:00,12.0,43.5,0.00026130676,19377152.0,-0.00504246,-1.0058284e-07,0.0,0,0005
2026-01-01 06:00:00,11.75,41.75,9.536743e-07,21734400.0,-0.00016536936,-0.0057345442,0.0,0,0005
2026-01-01 06:00:00,11.75,42.0,1.9073486e-06,21532672.0,-8.4307045e-05,-0.0055814795,0.0,0,0005
2026-01-01 06:00:00,11.75,42.25,7.6293945e-06,21112832.0,-0.00021257624,-0.0053583197,0.0,0,0005
2026-01-01 06:00:00,11.75,42.5,2.2888184e-05,20546560.0,-0.0005473159,-0.0051718764,1.9073486e-06,0,0005
2026-01-01 06:00:00,11.75,42.75,0.00010108948,19899392.0,-0.00017919764,-0.0049618296,7.6293945e-06,0,0005
2026-01-01 06:00:00,11.75,43.0,0.0006608963,19571712.0,-0.003264811,-0.0013831668,2.861023e-06,0,0005
2026-01-01 06:00:00,11.75,43.25,0.00055885315,19380224.0,-0.0046309493,-1.0058284e-07,0.0,0,0005
2026-01-01 06:00:00,11.75,43.5,0.00023651123,19492864.0,-0.0048202537,-1.0058284e-07,0.0,0,0005
2026-01-01 06:00:00,11.5,41.75,9.536743e-07,21780480.0,-0.0005673431,-0.005989652,0.0,0,0005
2026-01-01 06:00:00,11.5,42.0,7.6293945e-06,21624832.0,-0.000107672065,-0.0038198046,0.0,0,0005
2026-01-01 06:00:00,11.5,42.25,1.2397766e-05,21215232.0,-0.0002197288,-0.0022207312,0.0,0,0005
2026-01-01 06:00:00,11.5,42.5,3.6239624e-05,20366336.0,-0.00038757548,-0.005423408,9.536743e-07,0,0005
2026-01-01 06:00:00,11.5,42.75,0.00011444092,19606528.0,-0.00025120005,-0.005053859,4.7683716e-06,0,0005
2026-01-01 06:00:00,11.5,43.0,0.00047302246,19233792.0,-0.0020927452,-0.002881866,0.0,0,0005
2026-01-01 06:00:00,11.5,43.25,0.0005187988,19155968.0,-0.0030502342,-0.0028296523,9.536743e-07,0,0005
2026-01-01 06:00:00,11.5,43.5,0.00024032593,19221504.0,-0.003893759,-0.0016277842,9.536743e-07,0,0005
2026-01-01 06:00:00,11.25,41.75,1.9073486e-06,21994496.0,-0.0009664558,-0.0034698062,0.0,0,0005
2026-01-01 06:00:00,11.25,42.0,7.6293945e-06,21839872.0,-0.00054016337,-0.0011616759,0.0,0,0005
2026-01-01 06:00:00,11.25,42.25,1.1444092e-05,21474304.0,-0.00010671839,-0.0012489371,0.0,0,0005
2026-01-01 06:00:00,11.25,42.5,3.6239624e-05,20604928.0,-0.00015392527,-0.005588632,0.0,0,0005
2026-01-01 06:00:00,11.25,42.75,0.00012874603,19848192.0,-0.00036325678,-0.004788261,9.536743e-07,0,0005
2026-01-01 06:00:00,11.25,43.0,0.00030136108,19223552.0,-0.00050678477,-0.004826408,9.536743e-07,0,0005
2026-01-01 06:00:00,11.25,43.25,0.00044441223,19147776.0,-0.0012978576,-0.0046862178,1.9073486e-06,0,0005
2026-01-01 06:00:00,11.25,43.5,0.00054740906,18725888.0,-0.0036200546,-0.0016292147,9.536743e-07,0,0005
2026-01-01 06:00:00,11.0,41.75,2.861023e-06,22208512.0,-0.0005611442,-0.003318172,0.0,0,0005
2026-01-01 06:00:00,11.0,42.0,3.8146973e-06,22177792.0,-0.0006765388,-0.0020893626,0.0,0,0005
2026-01-01 06:00:00,11.0,42.25,7.6293945e-06,21835776.0,-0.000104334205,-0.0033393912,0.0,0,0005
2026-01-01 06:00:00,11.0,42.5,3.2424927e-05,21090304.0,-0.00014343485,-0.005468946,0.0,0,0005
2026-01-01 06:00:00,11.0,42.75,0.00015163422,20362240.0,-0.00033083186,-0.0046075396,0.0,0,0005
2026-01-01 06:00:00,11.0,43.0,0.0003604889,19586048.0,-0.000517752,-0.0046449713,1.9073486e-06,0,0005
2026-01-01 06:00:00,11.0,43.25,0.00034427643,19373056.0,-0.0004829429,-0.00434814,9.536743e-07,0,0005
2026-01-01 06:00:00,11.0,43.5,0.0005245209,18792448.0,-0.0029138587,-0.001512628,0.0,0,0005
